eventNumber,eventRound,eventResults,eventOpponent,eventOpponentCountry,eventScore,eventName,playerName,playerCountry,playerLast,playerFirst,eventVenue,eventDates,eventCategory,eventGrade,eventEntry,eventSurface,eventIndoorOutdoor,eventOpponentID,player_ID
1.0,64,L,"MUSETTI, Lorenzo",ITA,4-6 0-6,US Open Junior Tennis Championships,"DOSTANIC, Stefan",USA,DOSTANIC,Stefan,"New York, USA",02 Sep - 09 Sep 2018,Singles,Grade A,Entry: WC,Hard,O,100255913,100328022
2.0,Q1,W,"BAYLON, Robert",USA,6-1 7-6(7),International Spring Championships,"DOSTANIC, Stefan",USA,DOSTANIC,Stefan,"Carson, USA",02 Apr - 08 Apr 2018,Singles,Grade 1,Entry: DA,Hard,O,100258418,100328022
2.0,Q2,W,"RAJESH, Neel",USA,6-1 6-1,International Spring Championships,"DOSTANIC, Stefan",USA,DOSTANIC,Stefan,"Carson, USA",02 Apr - 08 Apr 2018,Singles,Grade 1,Entry: DA,Hard,O,100277241,100328022
2.0,Q3,W,"WHITAKER, Spencer",USA,6-4 6-4,International Spring Championships,"DOSTANIC, Stefan",USA,DOSTANIC,Stefan,"Carson, USA",02 Apr - 08 Apr 2018,Singles,Grade 1,Entry: DA,Hard,O,100297442,100328022
2.0,64,W,"DI GIULIO, Austin",USA,7-5 6-1,International Spring Championships,"DOSTANIC, Stefan",USA,DOSTANIC,Stefan,"Carson, USA",02 Apr - 08 Apr 2018,Singles,Grade 1,Entry: DA,Hard,O,100256818,100328022
2.0,32,W,"HILDERBRAND, Trey",USA,7-6(3) 6-2,International Spring Championships,"DOSTANIC, Stefan",USA,DOSTANIC,Stefan,"Carson, USA",02 Apr - 08 Apr 2018,Singles,Grade 1,Entry: DA,Hard,O,100266403,100328022
2.0,16,W,"JACHUCK, Ronan",USA,6-3 6-2,International Spring Championships,"DOSTANIC, Stefan",USA,DOSTANIC,Stefan,"Carson, USA",02 Apr - 08 Apr 2018,Singles,Grade 1,Entry: DA,Hard,O,100291606,100328022
2.0,QF,W,"NANDA, Govind",USA,6-3 7-5,International Spring Championships,"DOSTANIC, Stefan",USA,DOSTANIC,Stefan,"Carson, USA",02 Apr - 08 Apr 2018,Singles,Grade 1,Entry: DA,Hard,O,100281618,100328022
2.0,SF,L,"NAKASHIMA, Brandon",USA,2-6 3-6,International Spring Championships,"DOSTANIC, Stefan",USA,DOSTANIC,Stefan,"Carson, USA",02 Apr - 08 Apr 2018,Singles,Grade 1,Entry: DA,Hard,O,100281928,100328022
3.0,64,W,"CROYDER, Blake",USA,6-3 7-6(7),Easter Bowl Championships (Closed),"DOSTANIC, Stefan",USA,DOSTANIC,Stefan,"Palm Springs, USA",26 Mar - 01 Apr 2018,Singles,Grade B1,Entry: WC,Hard,O,100265937,100328022
3.0,32,L,"KINGSLEY, Cannon",USA,6-4 5-7 3-6,Easter Bowl Championships (Closed),"DOSTANIC, Stefan",USA,DOSTANIC,Stefan,"Palm Springs, USA",26 Mar - 01 Apr 2018,Singles,Grade B1,Entry: WC,Hard,O,100295230,100328022
4.0,Q1,L,"GOLLIN, Benjamin",USA,2-6 1-6,Newport Beach Bowl,"DOSTANIC, Stefan",USA,DOSTANIC,Stefan,"Newport Beach, USA",19 Mar - 20 Mar 2016,Singles,Grade 4,Entry: WC,Hard,O,100291600,100328022
1.0,32,W,"BHAGTANI, Vansh",IND,6-0 6-3,Raja Narsimha Rao memorial - ITF Juniors Hyderabad,"KAMATH, Madhwin",IND,KAMATH,Madhwin,"Hyderabad, India",27 Aug - 01 Sep 2018,Singles,Grade 4,Entry: DA,Hard,O,100284098,100278651
1.0,16,L,"CHAWLA, Bikramjeet Singh",USA,2-6 6-3 4-6,Raja Narsimha Rao memorial - ITF Juniors Hyderabad,"KAMATH, Madhwin",IND,KAMATH,Madhwin,"Hyderabad, India",27 Aug - 01 Sep 2018,Singles,Grade 4,Entry: DA,Hard,O,100283627,100278651
2.0,32,W,"MOSARWA, Tshepo",BOT,6-2 6-2,ITF 18 &amp; U South Central Circuit Leg 3,"KAMATH, Madhwin",IND,KAMATH,Madhwin,"Harare, Zimbabwe",13 Aug - 18 Aug 2018,Singles,Grade 3,Entry: DA,Hard,O,100301401,100278651
2.0,16,W,"MORGAN, Charl",RSA,4-6 7-6(3) 6-0,ITF 18 &amp; U South Central Circuit Leg 3,"KAMATH, Madhwin",IND,KAMATH,Madhwin,"Harare, Zimbabwe",13 Aug - 18 Aug 2018,Singles,Grade 3,Entry: DA,Hard,O,100247695,100278651
2.0,QF,L,"VANSHELBOIM, Eric",UKR,4-6 2-6,ITF 18 &amp; U South Central Circuit Leg 3,"KAMATH, Madhwin",IND,KAMATH,Madhwin,"Harare, Zimbabwe",13 Aug - 18 Aug 2018,Singles,Grade 3,Entry: DA,Hard,O,100209981,100278651
3.0,32,W,"DAVIS, Jamie",RSA,6-2 6-3,ITF 18 &amp; U South Central Circuit Leg 2,"KAMATH, Madhwin",IND,KAMATH,Madhwin,"Harare, Zimbabwe",06 Aug - 11 Aug 2018,Singles,Grade 4,Entry: DA,Hard,O,100264866,100278651
3.0,16,W,"COLLINS FLORES, Parker",USA,4-6 6-4 7-6(2),ITF 18 &amp; U South Central Circuit Leg 2,"KAMATH, Madhwin",IND,KAMATH,Madhwin,"Harare, Zimbabwe",06 Aug - 11 Aug 2018,Singles,Grade 4,Entry: DA,Hard,O,100335947,100278651
3.0,QF,L,"MALAN, Pierre",RSA,1-6 2-6,ITF 18 &amp; U South Central Circuit Leg 2,"KAMATH, Madhwin",IND,KAMATH,Madhwin,"Harare, Zimbabwe",06 Aug - 11 Aug 2018,Singles,Grade 4,Entry: DA,Hard,O,100247687,100278651
4.0,32,W,"PUSTOVIT, Alexander",RUS,6-2 6-2,ITF 18 &amp; U South Central Circuit Leg 1,"KAMATH, Madhwin",IND,KAMATH,Madhwin,"Harare, Zimbabwe",30 Jul - 04 Aug 2018,Singles,Grade 4,Entry: DA,Hard,O,100322162,100278651
4.0,16,W,"COLLINS FLORES, Parker",USA,6-2 6-2,ITF 18 &amp; U South Central Circuit Leg 1,"KAMATH, Madhwin",IND,KAMATH,Madhwin,"Harare, Zimbabwe",30 Jul - 04 Aug 2018,Singles,Grade 4,Entry: DA,Hard,O,100335947,100278651
4.0,QF,W,"BECKER, Gerhardt Marius",RSA,6-4 6-4,ITF 18 &amp; U South Central Circuit Leg 1,"KAMATH, Madhwin",IND,KAMATH,Madhwin,"Harare, Zimbabwe",30 Jul - 04 Aug 2018,Singles,Grade 4,Entry: DA,Hard,O,100269345,100278651
4.0,SF,L,"MONTSI, Khololwam",RSA,1-6 3-6,ITF 18 &amp; U South Central Circuit Leg 1,"KAMATH, Madhwin",IND,KAMATH,Madhwin,"Harare, Zimbabwe",30 Jul - 04 Aug 2018,Singles,Grade 4,Entry: DA,Hard,O,100247694,100278651
5.0,32,W,"RASAMATOV, Bekhzod",UZB,6-4 3-6 7-5,Shymkent ITF International Junior Tournament,"KAMATH, Madhwin",IND,KAMATH,Madhwin,"Shymkent, Kazakhstan",18 Jun - 23 Jun 2018,Singles,Grade 3,Entry: DA,Clay,O,100279762,100278651
5.0,16,L,"AGAFONOV, Egor",RUS,5-7 0-6,Shymkent ITF International Junior Tournament,"KAMATH, Madhwin",IND,KAMATH,Madhwin,"Shymkent, Kazakhstan",18 Jun - 23 Jun 2018,Singles,Grade 3,Entry: DA,Clay,O,100248927,100278651
6.0,32,W,"ZHUKAYEV, Beibit",KAZ,0-6 6-4 6-4,Almaty Open 2018,"KAMATH, Madhwin",IND,KAMATH,Madhwin,"Almaty, Kazakhstan",30 Apr - 05 May 2018,Singles,Grade 3,Entry: DA,Clay,O,100253871,100278651
6.0,16,L,"DEN OUDEN, Guy",NED,6-7(2) 0-6,Almaty Open 2018,"KAMATH, Madhwin",IND,KAMATH,Madhwin,"Almaty, Kazakhstan",30 Apr - 05 May 2018,Singles,Grade 3,Entry: DA,Clay,O,100259783,100278651
7.0,32,W,"KHANAL, Pranav",NEP,6-2 6-4,Raipur ITF Juniors,"KAMATH, Madhwin",IND,KAMATH,Madhwin,"Raipur, India",26 Mar - 31 Mar 2018,Singles,Grade 5,Entry: DA,Hard,O,100298191,100278651
7.0,16,W,"HANS, Kabir",IND,7-6(5) 6-4,Raipur ITF Juniors,"KAMATH, Madhwin",IND,KAMATH,Madhwin,"Raipur, India",26 Mar - 31 Mar 2018,Singles,Grade 5,Entry: DA,Hard,O,100334384,100278651
7.0,QF,W,"SALEKAR, Piyush Surendra",IND,6-4 6-4,Raipur ITF Juniors,"KAMATH, Madhwin",IND,KAMATH,Madhwin,"Raipur, India",26 Mar - 31 Mar 2018,Singles,Grade 5,Entry: DA,Hard,O,100278758,100278651
7.0,SF,L,"GOLMEI, Naithaolin Calvin",IND,6-7(6) 6-2 3-6,Raipur ITF Juniors,"KAMATH, Madhwin",IND,KAMATH,Madhwin,"Raipur, India",26 Mar - 31 Mar 2018,Singles,Grade 5,Entry: DA,Hard,O,100299278,100278651
8.0,32,W,"DABAS, Sushant",IND,6-4 6-4,Uttarakhand Open ITF Juniors Tournament,"KAMATH, Madhwin",IND,KAMATH,Madhwin,"Dehradun, India",19 Mar - 24 Mar 2018,Singles,Grade 5,Entry: DA,Hard,O,100330585,100278651
8.0,16,W,"PHUNG, Timothy",USA,6-4 6-3,Uttarakhand Open ITF Juniors Tournament,"KAMATH, Madhwin",IND,KAMATH,Madhwin,"Dehradun, India",19 Mar - 24 Mar 2018,Singles,Grade 5,Entry: DA,Hard,O,100356510,100278651
8.0,QF,W,"SIDANA, Jaishvin",IND,6-1 6-1,Uttarakhand Open ITF Juniors Tournament,"KAMATH, Madhwin",IND,KAMATH,Madhwin,"Dehradun, India",19 Mar - 24 Mar 2018,Singles,Grade 5,Entry: DA,Hard,O,100284956,100278651
8.0,SF,L,"GOLMEI, Naithaolin Calvin",IND,6-7(4) 6-3 4-6,Uttarakhand Open ITF Juniors Tournament,"KAMATH, Madhwin",IND,KAMATH,Madhwin,"Dehradun, India",19 Mar - 24 Mar 2018,Singles,Grade 5,Entry: DA,Hard,O,100299278,100278651
9.0,Q1,W,"BAGADE, Prasanna Pravin",IND,6-3 6-4,Chandigarh ITF Juniors,"KAMATH, Madhwin",IND,KAMATH,Madhwin,"Chandigarh, India",01 Jan - 06 Jan 2018,Singles,Grade 3,Entry: DA,Hard,O,100278575,100278651
9.0,Q2,W,"JHOJE , Sukhpreet Singh",IND,6-0 6-0,Chandigarh ITF Juniors,"KAMATH, Madhwin",IND,KAMATH,Madhwin,"Chandigarh, India",01 Jan - 06 Jan 2018,Singles,Grade 3,Entry: DA,Hard,O,100360408,100278651
9.0,Q3,W,"MALHOTRA, Rhythm",IND,6-4 6-3,Chandigarh ITF Juniors,"KAMATH, Madhwin",IND,KAMATH,Madhwin,"Chandigarh, India",01 Jan - 06 Jan 2018,Singles,Grade 3,Entry: DA,Hard,O,100332850,100278651
9.0,32,W,"ZHOU, Xinmu",CHN,4-6 7-6(5) 6-3,Chandigarh ITF Juniors,"KAMATH, Madhwin",IND,KAMATH,Madhwin,"Chandigarh, India",01 Jan - 06 Jan 2018,Singles,Grade 3,Entry: DA,Hard,O,100271099,100278651
9.0,16,L,"SHARRMA, Sacchitt",IND,3-6 2-6,Chandigarh ITF Juniors,"KAMATH, Madhwin",IND,KAMATH,Madhwin,"Chandigarh, India",01 Jan - 06 Jan 2018,Singles,Grade 3,Entry: DA,Hard,O,100283592,100278651
10.0,32,L,"GANTA, Sai Karteek Reddy",IND,3-6 5-7,MSLTA - Gadre Seafoods ITF Junior Championship,"KAMATH, Madhwin",IND,KAMATH,Madhwin,"Pune, India",04 Dec - 09 Dec 2017,Singles,Grade 3,Entry: DA,Hard,O,100278621,100278651
11.0,32,L,"STORY, James",GBR,4-6 6-3 2-6,Delhi November ITF Juniors,"KAMATH, Madhwin",IND,KAMATH,Madhwin,"New Delhi, India",27 Nov - 02 Dec 2017,Singles,Grade 4,Entry: DA,Hard,O,100256154,100278651
12.0,32,L,"JAVIA, Dev",IND,1-6 0-6,Guwahati ITF Juniors,"KAMATH, Madhwin",IND,KAMATH,Madhwin,"Guwahati, India",20 Nov - 24 Nov 2017,Singles,Grade 5,Entry: DA,Hard,O,100278641,100278651
13.0,32,W,"YANG, Kai Shiang",TPE,6-3 6-2,ITF Junior Circuit - Week 3,"KAMATH, Madhwin",IND,KAMATH,Madhwin,"Colombo, Sri Lanka",18 Sep - 24 Sep 2017,Singles,Grade 5,Entry: DA,Clay,O,100345321,100278651
13.0,16,L,"NGUYEN, Phuong Van",VIE,5-7 4-6,ITF Junior Circuit - Week 3,"KAMATH, Madhwin",IND,KAMATH,Madhwin,"Colombo, Sri Lanka",18 Sep - 24 Sep 2017,Singles,Grade 5,Entry: DA,Clay,O,100276046,100278651
14.0,32,W,"VANSHELBOIM, Eric",UKR,6-4 7-5,ITF Junior Circuit - Week 2,"KAMATH, Madhwin",IND,KAMATH,Madhwin,"Colombo, Sri Lanka",11 Sep - 17 Sep 2017,Singles,Grade 5,Entry: DA,Clay,O,100209981,100278651
14.0,16,W,"KUNG, Chun Jui",TPE,6-1 7-6(5),ITF Junior Circuit - Week 2,"KAMATH, Madhwin",IND,KAMATH,Madhwin,"Colombo, Sri Lanka",11 Sep - 17 Sep 2017,Singles,Grade 5,Entry: DA,Clay,O,100299815,100278651
14.0,QF,W,"THINH, Huynh",VIE,7-5 6-2,ITF Junior Circuit - Week 2,"KAMATH, Madhwin",IND,KAMATH,Madhwin,"Colombo, Sri Lanka",11 Sep - 17 Sep 2017,Singles,Grade 5,Entry: DA,Clay,O,100305516,100278651
14.0,SF,W,"VM, Sandeep",IND,6-3 6-1,ITF Junior Circuit - Week 2,"KAMATH, Madhwin",IND,KAMATH,Madhwin,"Colombo, Sri Lanka",11 Sep - 17 Sep 2017,Singles,Grade 5,Entry: DA,Clay,O,100289847,100278651
14.0,FR,W,"SHAH, Kushan",IND,6-2 4-6 [10-8],ITF Junior Circuit - Week 2,"KAMATH, Madhwin",IND,KAMATH,Madhwin,"Colombo, Sri Lanka",11 Sep - 17 Sep 2017,Singles,Grade 5,Entry: DA,Clay,O,100278771,100278651
15.0,64,W,"RANDIEK, Ryan Ateto",KEN,6-2 6-1,ITF Nairobi Junior Open 2,"KAMATH, Madhwin",IND,KAMATH,Madhwin,"Nairobi, Kenya",10 Jul - 15 Jul 2017,Singles,Grade 5,Entry: DA,Clay,O,100319516,100278651
15.0,32,W,"MALLYA, Emanuel",TAN,7-6(2) 6-3,ITF Nairobi Junior Open 2,"KAMATH, Madhwin",IND,KAMATH,Madhwin,"Nairobi, Kenya",10 Jul - 15 Jul 2017,Singles,Grade 5,Entry: DA,Clay,O,100249050,100278651
15.0,16,W,"STEHLING, Max",CAN,4-6 6-3 6-4,ITF Nairobi Junior Open 2,"KAMATH, Madhwin",IND,KAMATH,Madhwin,"Nairobi, Kenya",10 Jul - 15 Jul 2017,Singles,Grade 5,Entry: DA,Clay,O,100231441,100278651
15.0,QF,W,"MOSES, Dennis",ZIM,2-6 6-4 6-2,ITF Nairobi Junior Open 2,"KAMATH, Madhwin",IND,KAMATH,Madhwin,"Nairobi, Kenya",10 Jul - 15 Jul 2017,Singles,Grade 5,Entry: DA,Clay,O,100272848,100278651
15.0,SF,L,"FOUAD, Abdallah",EGY,5-7 5-7,ITF Nairobi Junior Open 2,"KAMATH, Madhwin",IND,KAMATH,Madhwin,"Nairobi, Kenya",10 Jul - 15 Jul 2017,Singles,Grade 5,Entry: DA,Clay,O,100176606,100278651
16.0,32,L,"AL BARWANI, Abdullah",OMA,6-7(5) 3-6,ITF Nairobi Junior Open 1,"KAMATH, Madhwin",IND,KAMATH,Madhwin,"Nairobi, Kenya",03 Jul - 08 Jul 2017,Singles,Grade 5,Entry: DA,Clay,O,100279514,100278651
18.0,Q1,L,"WADHWA, Dipin",IND,5-7 6-7(4),Indore ITF Junior Circuit - 2017,"KAMATH, Madhwin",IND,KAMATH,Madhwin,"Indore, India",22 Jan - 27 Jan 2017,Singles,Grade 5,Entry: DA,Hard,O,100285010,100278651
19.0,Q1,W,"SHARMA, Shoyon",IND,6-2 6-4,Indore ITF Juniors,"KAMATH, Madhwin",IND,KAMATH,Madhwin,"Indore, India",23 Jan - 24 Jan 2016,Singles,Grade 5,Entry: DA,Hard,O,100299118,100278651
19.0,Q2,W,"SHAH, Mann",IND,6-3 4-6 6-1,Indore ITF Juniors,"KAMATH, Madhwin",IND,KAMATH,Madhwin,"Indore, India",23 Jan - 24 Jan 2016,Singles,Grade 5,Entry: DA,Hard,O,100278772,100278651
19.0,Q3,L,"SEHRAWAT, Sagar",IND,6-3 6-7(4) 4-6,Indore ITF Juniors,"KAMATH, Madhwin",IND,KAMATH,Madhwin,"Indore, India",23 Jan - 24 Jan 2016,Singles,Grade 5,Entry: DA,Hard,O,100295431,100278651
3.0,32,W,"THALHEIMER, Calvin",CAN,6-3 6-2,Davis Trading Junior ITF Vancouver Championships,"LAGAEV, Nick",CAN,LAGAEV,Nick,"Vancouver, Canada",09 Jul - 14 Jul 2018,Singles,Grade 3,Entry: DA,Hard,O,100286498,100260403
3.0,16,W,"STAKUSIC , Marko",CAN,6-2 6-3,Davis Trading Junior ITF Vancouver Championships,"LAGAEV, Nick",CAN,LAGAEV,Nick,"Vancouver, Canada",09 Jul - 14 Jul 2018,Singles,Grade 3,Entry: DA,Hard,O,100311004,100260403
3.0,QF,L,"HARPER, Cleeve",CAN,2-6 5-7,Davis Trading Junior ITF Vancouver Championships,"LAGAEV, Nick",CAN,LAGAEV,Nick,"Vancouver, Canada",09 Jul - 14 Jul 2018,Singles,Grade 3,Entry: DA,Hard,O,100311960,100260403
5.0,Q1,L,"RIEDI, Leandro",SUI,2-6 6-2 6-7(6),35th Torneo Bayer di Salsomaggiore Terme		,"LAGAEV, Nick",CAN,LAGAEV,Nick,"Salsomaggiore Terme, Italy",28 Apr - 29 Apr 2018,Singles,Grade 2,Entry: DA,Clay,O,100227574,100260403
6.0,32,W,"SHELTON, Robert",USA,6-1 6-1,36th All Canadian Junior Championships,"LAGAEV, Nick",CAN,LAGAEV,Nick,"Burlington, Canada",09 Apr - 14 Apr 2018,Singles,Grade 4,Entry: DA,Hard,I,100259792,100260403
6.0,16,W,"SIMON, Coy",USA,6-3 6-3,36th All Canadian Junior Championships,"LAGAEV, Nick",CAN,LAGAEV,Nick,"Burlington, Canada",09 Apr - 14 Apr 2018,Singles,Grade 4,Entry: DA,Hard,I,100289255,100260403
6.0,QF,W,"TRKULJA, Sasha",CAN,6-1 7-5,36th All Canadian Junior Championships,"LAGAEV, Nick",CAN,LAGAEV,Nick,"Burlington, Canada",09 Apr - 14 Apr 2018,Singles,Grade 4,Entry: DA,Hard,I,100348986,100260403
6.0,SF,L,"VUKOVIC, Luka",CAN,6-2 4-6 6-7(9),36th All Canadian Junior Championships,"LAGAEV, Nick",CAN,LAGAEV,Nick,"Burlington, Canada",09 Apr - 14 Apr 2018,Singles,Grade 4,Entry: DA,Hard,I,100282768,100260403
8.0,32,W,"TUDORICA, Alvin Nicholas",CAN,6-1 6-3,Advantage Tennis International at Veneto ITF Junior Championships			,"LAGAEV, Nick",CAN,LAGAEV,Nick,"Ontario, Canada",31 Oct - 04 Nov 2017,Singles,Grade 5,Entry: DA,Hard,I,100274573,100260403
8.0,16,W,"NIETO, Patricio",MEX,6-1 7-5,Advantage Tennis International at Veneto ITF Junior Championships			,"LAGAEV, Nick",CAN,LAGAEV,Nick,"Ontario, Canada",31 Oct - 04 Nov 2017,Singles,Grade 5,Entry: DA,Hard,I,100272454,100260403
8.0,QF,W,"NAVARRO, Ryan",CAN,6-2 6-1,Advantage Tennis International at Veneto ITF Junior Championships			,"LAGAEV, Nick",CAN,LAGAEV,Nick,"Ontario, Canada",31 Oct - 04 Nov 2017,Singles,Grade 5,Entry: DA,Hard,I,100294667,100260403
8.0,SF,W,"FAINBLUM, Daniel",CAN,6-3 6-1,Advantage Tennis International at Veneto ITF Junior Championships			,"LAGAEV, Nick",CAN,LAGAEV,Nick,"Ontario, Canada",31 Oct - 04 Nov 2017,Singles,Grade 5,Entry: DA,Hard,I,100234628,100260403
8.0,FR,W,"DUO, Bill",USA,7-6(3) 7-6(6),Advantage Tennis International at Veneto ITF Junior Championships			,"LAGAEV, Nick",CAN,LAGAEV,Nick,"Ontario, Canada",31 Oct - 04 Nov 2017,Singles,Grade 5,Entry: DA,Hard,I,100291594,100260403
9.0,64,L,"SHI, Brian",USA,0-6 2-6,Les Internationaux de Tennis Junior Banque Nationale du Canada,"LAGAEV, Nick",CAN,LAGAEV,Nick,"Repentigny, Canada",27 Aug - 02 Sep 2017,Singles,Grade 1,Entry: WC,Hard,O,100256058,100260403
11.0,32,W,"TUDORICA, Alvin Nicholas",CAN,6-0 6-2,35th All Canadian Junior Championships,"LAGAEV, Nick",CAN,LAGAEV,Nick,"Burlington, Canada",10 Apr - 15 Apr 2017,Singles,Grade 5,Entry: DA,Hard,I,100274573,100260403
11.0,16,L,"KOZLOV, Boris",USA,3-6 4-6,35th All Canadian Junior Championships,"LAGAEV, Nick",CAN,LAGAEV,Nick,"Burlington, Canada",10 Apr - 15 Apr 2017,Singles,Grade 5,Entry: DA,Hard,I,100264386,100260403
13.0,32,L,"STENGER VALDES, Daniel",MEX,4-6 3-6,Advantage Tennis International at Veneto ITF Junior Championships			,"LAGAEV, Nick",CAN,LAGAEV,Nick,"Ontario, Canada",01 Nov - 05 Nov 2016,Singles,Grade 5,Entry: DA,Hard,I,100248765,100260403
14.0,Q1,W,"BOULAIS, Justin",CAN,3-6 6-4 6-4,2016 Canadian U18 World Ranking Event			,"LAGAEV, Nick",CAN,LAGAEV,Nick,"Montreal, Canada",26 Sep - 30 Sep 2016,Singles,Grade 2,Entry: DA,Hard,O,100297335,100260403
14.0,Q2,W,"LEFEBVRE, Vincent",CAN,6-0 6-1,2016 Canadian U18 World Ranking Event			,"LAGAEV, Nick",CAN,LAGAEV,Nick,"Montreal, Canada",26 Sep - 30 Sep 2016,Singles,Grade 2,Entry: DA,Hard,O,100253991,100260403
14.0,Q3,W,"BAIANT, Razvan",CAN,6-4 3-0 DEF,2016 Canadian U18 World Ranking Event			,"LAGAEV, Nick",CAN,LAGAEV,Nick,"Montreal, Canada",26 Sep - 30 Sep 2016,Singles,Grade 2,Entry: DA,Hard,O,100234939,100260403
14.0,32,L,"KOPCZYNSKI, Tomas",USA,6-4 3-6 4-6,2016 Canadian U18 World Ranking Event			,"LAGAEV, Nick",CAN,LAGAEV,Nick,"Montreal, Canada",26 Sep - 30 Sep 2016,Singles,Grade 2,Entry: DA,Hard,O,100189906,100260403
15.0,32,L,"CASTANEDA, Guillermo",MEX,2-6 3-6,Copa Mundo Maya by Universidad Galileo,"LAGAEV, Nick",CAN,LAGAEV,Nick,"Ciudad de Guatemala, Guatemala",13 Jun - 18 Jun 2016,Singles,Grade 4,Entry: DA,Hard,O,100264459,100260403
16.0,64,L,"GANDINI, Armando",DOM,6-2 3-6 3-6,Copa El Salvador La Libertad ITF,"LAGAEV, Nick",CAN,LAGAEV,Nick,"La Libertad, El Salvador",06 Jun - 11 Jun 2016,Singles,Grade 4,Entry: DA,Hard,O,100186861,100260403
17.0,32,L,"MORALES, Jonathan",MEX,3-6 6-1 4-6,34th All Canadian Junior Championships,"LAGAEV, Nick",CAN,LAGAEV,Nick,"Burlington, Canada",11 Apr - 16 Apr 2016,Singles,Grade 5,Entry: DA,Hard,I,100244689,100260403
18.0,32,L,"DE ALENCAR, Manoel Felipe",BRA,3-6 2-6,Copa Universidad Galileo			,"LAGAEV, Nick",CAN,LAGAEV,Nick,"Guatemala City, Guatemala",15 Feb - 20 Feb 2016,Singles,Grade 4,Entry: DA,Hard,O,100219842,100260403
19.0,64,L,"MARTINEZ JIMENEZ, Sergio Antonio",MEX,4-6 1-6,Jalisco Junior Cup,"LAGAEV, Nick",CAN,LAGAEV,Nick,"Guadalajara, Mexico",08 Feb - 13 Feb 2016,Singles,Grade 4,Entry: DA,Clay,O,100235261,100260403
20.0,32,W,"GONZALEZ HERNANDEZ, Pablo",MEX,6-1 6-0,Copa Nicarao,"LAGAEV, Nick",CAN,LAGAEV,Nick,"Managua, Nicaragua",07 Dec - 12 Dec 2015,Singles,Grade 5,Entry: DA,Hard,O,100297137,100260403
20.0,16,W,"MARCANO, Luis",AHO,6-2 6-0,Copa Nicarao,"LAGAEV, Nick",CAN,LAGAEV,Nick,"Managua, Nicaragua",07 Dec - 12 Dec 2015,Singles,Grade 5,Entry: DA,Hard,O,100219109,100260403
20.0,QF,W,"SAVELEV, Daniil",RUS,6-2 6-3,Copa Nicarao,"LAGAEV, Nick",CAN,LAGAEV,Nick,"Managua, Nicaragua",07 Dec - 12 Dec 2015,Singles,Grade 5,Entry: DA,Hard,O,100227498,100260403
20.0,SF,L,"QUIROS, Sebastian",CRC,2-6 1-6,Copa Nicarao,"LAGAEV, Nick",CAN,LAGAEV,Nick,"Managua, Nicaragua",07 Dec - 12 Dec 2015,Singles,Grade 5,Entry: DA,Hard,O,100232503,100260403
21.0,32,W,"PULLIAM, Jack",USA,6-3 5-7 6-2,Panama Bowl 3rd Edition,"LAGAEV, Nick",CAN,LAGAEV,Nick,"Panama, Panama",30 Nov - 05 Dec 2015,Singles,Grade 5,Entry: DA,Clay,O,100243739,100260403
21.0,16,W,"IORIO, Andres Isaac",VEN,6-3 6-2,Panama Bowl 3rd Edition,"LAGAEV, Nick",CAN,LAGAEV,Nick,"Panama, Panama",30 Nov - 05 Dec 2015,Singles,Grade 5,Entry: DA,Clay,O,100292961,100260403
21.0,QF,L,"ORTEGON, Jorge",MEX,3-6 1-6,Panama Bowl 3rd Edition,"LAGAEV, Nick",CAN,LAGAEV,Nick,"Panama, Panama",30 Nov - 05 Dec 2015,Singles,Grade 5,Entry: DA,Clay,O,100236388,100260403
1.0,32,W,"PELLEGRINI, Will",USA,6-0 6-0,Puerto Rico Bowl ITF (Fall Edition) 2018,"LEBLANC CLAVERIE, Tom",FRA,LEBLANC CLAVERIE,Tom,"Bayamón, Puerto Rico",17 Sep - 22 Sep 2018,Singles,Grade 5,Entry: DA,Hard,O,100304388,100244531
1.0,16,W,"SWITZER, Ty",USA,6-1 6-2,Puerto Rico Bowl ITF (Fall Edition) 2018,"LEBLANC CLAVERIE, Tom",FRA,LEBLANC CLAVERIE,Tom,"Bayamón, Puerto Rico",17 Sep - 22 Sep 2018,Singles,Grade 5,Entry: DA,Hard,O,100355519,100244531
1.0,QF,,"TRACY, James",USA,,Puerto Rico Bowl ITF (Fall Edition) 2018,"LEBLANC CLAVERIE, Tom",FRA,LEBLANC CLAVERIE,Tom,"Bayamón, Puerto Rico",17 Sep - 22 Sep 2018,Singles,Grade 5,Entry: DA,Hard,O,100320327,100244531
2.0,32,W,"DAEHNKE, Griffin",USA,6-7(4) 6-3 6-0,Wadadli Bowl,"LEBLANC CLAVERIE, Tom",FRA,LEBLANC CLAVERIE,Tom,"St John's, Antigua &amp; Barbuda",27 Aug - 01 Sep 2018,Singles,Grade 5,Entry: DA,Hard,O,100351273,100244531
2.0,16,W,"GRIFFITH, Kyle",BAR,6-0 6-0,Wadadli Bowl,"LEBLANC CLAVERIE, Tom",FRA,LEBLANC CLAVERIE,Tom,"St John's, Antigua &amp; Barbuda",27 Aug - 01 Sep 2018,Singles,Grade 5,Entry: DA,Hard,O,100351007,100244531
2.0,QF,W,"WILLIAMS, Cordell",ANT,6-2 6-1,Wadadli Bowl,"LEBLANC CLAVERIE, Tom",FRA,LEBLANC CLAVERIE,Tom,"St John's, Antigua &amp; Barbuda",27 Aug - 01 Sep 2018,Singles,Grade 5,Entry: DA,Hard,O,100309147,100244531
2.0,SF,L,"TUDORICA, Alvin Nicholas",CAN,6-1 6-7(5) 3-6,Wadadli Bowl,"LEBLANC CLAVERIE, Tom",FRA,LEBLANC CLAVERIE,Tom,"St John's, Antigua &amp; Barbuda",27 Aug - 01 Sep 2018,Singles,Grade 5,Entry: DA,Hard,O,100274573,100244531
3.0,32,W,"GRIFFITH, Kyle",BAR,6-1 6-0,Tobago Jr. ITF Championship,"LEBLANC CLAVERIE, Tom",FRA,LEBLANC CLAVERIE,Tom,"Port of Spain, Trinidad &amp; Tobago",20 Aug - 25 Aug 2018,Singles,Grade 5,Entry: DA,Hard,O,100351007,100244531
3.0,16,W,"RITTBERGER, Aaron",USA,6-1 6-0,Tobago Jr. ITF Championship,"LEBLANC CLAVERIE, Tom",FRA,LEBLANC CLAVERIE,Tom,"Port of Spain, Trinidad &amp; Tobago",20 Aug - 25 Aug 2018,Singles,Grade 5,Entry: DA,Hard,O,100379310,100244531
3.0,QF,W,"SINHA, Adit",USA,7-5 6-2,Tobago Jr. ITF Championship,"LEBLANC CLAVERIE, Tom",FRA,LEBLANC CLAVERIE,Tom,"Port of Spain, Trinidad &amp; Tobago",20 Aug - 25 Aug 2018,Singles,Grade 5,Entry: DA,Hard,O,100373701,100244531
3.0,SF,W,"KITTAY, Benjamin",USA,6-4 6-2,Tobago Jr. ITF Championship,"LEBLANC CLAVERIE, Tom",FRA,LEBLANC CLAVERIE,Tom,"Port of Spain, Trinidad &amp; Tobago",20 Aug - 25 Aug 2018,Singles,Grade 5,Entry: DA,Hard,O,100340957,100244531
3.0,FR,W,"COLIN, Paul",FRA,6-1 6-3,Tobago Jr. ITF Championship,"LEBLANC CLAVERIE, Tom",FRA,LEBLANC CLAVERIE,Tom,"Port of Spain, Trinidad &amp; Tobago",20 Aug - 25 Aug 2018,Singles,Grade 5,Entry: DA,Hard,O,100365599,100244531
4.0,32,L,"MILLER, Joshua",USA,7-5 3-6 3-6,Monterrey Contry ITF Junior Cup FMT,"LEBLANC CLAVERIE, Tom",FRA,LEBLANC CLAVERIE,Tom,"Monterrey, Mexico",13 Aug - 18 Aug 2018,Singles,Grade 4,Entry: DA,Hard,O,100304468,100244531
5.0,32,L,"BOULAIS, Justin",CAN,2-6 5-7,Davis Trading Junior ITF Vancouver Championships,"LEBLANC CLAVERIE, Tom",FRA,LEBLANC CLAVERIE,Tom,"Vancouver, Canada",09 Jul - 14 Jul 2018,Singles,Grade 3,Entry: DA,Hard,O,100297335,100244531
6.0,32,W,"AZCUI, Sebastian",BOL,5-7 6-1 6-2,Junkanoo Bowl,"LEBLANC CLAVERIE, Tom",FRA,LEBLANC CLAVERIE,Tom,"Nassau, Bahamas",02 Jul - 07 Jul 2018,Singles,Grade 4,Entry: DA,Hard,O,100231228,100244531
6.0,16,L,"GOLD, Harrison",USA,3-6 1-6,Junkanoo Bowl,"LEBLANC CLAVERIE, Tom",FRA,LEBLANC CLAVERIE,Tom,"Nassau, Bahamas",02 Jul - 07 Jul 2018,Singles,Grade 4,Entry: DA,Hard,O,100328540,100244531
7.0,32,L,"BECKER, Noah",USA,4-6 3-6,TIHTA Aruba 2018,"LEBLANC CLAVERIE, Tom",FRA,LEBLANC CLAVERIE,Tom,"Noord, Aruba",25 Jun - 29 Jun 2018,Singles,Grade 4,Entry: DA,Hard,O,100377880,100244531
8.0,64,L,"COSSU, Milledge",USA,5-7 2-6,Plantation ITF,"LEBLANC CLAVERIE, Tom",FRA,LEBLANC CLAVERIE,Tom,"Plantation, USA",14 May - 19 May 2018,Singles,Grade 4,Entry: DA,Clay,O,100320611,100244531
9.0,64,L,"GOLD, Harrison",USA,6-2 1-6 0-6,Copa Badia,"LEBLANC CLAVERIE, Tom",FRA,LEBLANC CLAVERIE,Tom,"Coral Gables, USA",07 May - 12 May 2018,Singles,Grade 4,Entry: DA,Clay,O,100328540,100244531
10.0,64,L,"MCLEOD, Quinn",USA,5-7 4-6,Delray Beach ITF,"LEBLANC CLAVERIE, Tom",FRA,LEBLANC CLAVERIE,Tom,"Delray Beach, FL, USA",30 Apr - 05 May 2018,Singles,Grade 4,Entry: DA,Clay,O,100213491,100244531
11.0,32,L,"SCHOMMER, Fred Olivier",GER,2-6 6-3 4-6,Martinique - Le Diamant ITF Junior 2018,"LEBLANC CLAVERIE, Tom",FRA,LEBLANC CLAVERIE,Tom,"Le Diamant, Martinique",23 Apr - 28 Apr 2018,Singles,Grade 5,Entry: DA,Hard,O,100232003,100244531
12.0,32,W,"CODITA, Andrew",CAN,6-1 6-1,ITF Junior De Saint-Francois,"LEBLANC CLAVERIE, Tom",FRA,LEBLANC CLAVERIE,Tom,"St-François, Guadeloupe",16 Apr - 21 Apr 2018,Singles,Grade 5,Entry: DA,Hard,O,100304886,100244531
12.0,16,W,"DE SOUZA FONSECA, Arthur",BRA,6-1 6-2,ITF Junior De Saint-Francois,"LEBLANC CLAVERIE, Tom",FRA,LEBLANC CLAVERIE,Tom,"St-François, Guadeloupe",16 Apr - 21 Apr 2018,Singles,Grade 5,Entry: DA,Hard,O,100295812,100244531
12.0,QF,W,"JUCHA, William",FRA,6-3 6-0,ITF Junior De Saint-Francois,"LEBLANC CLAVERIE, Tom",FRA,LEBLANC CLAVERIE,Tom,"St-François, Guadeloupe",16 Apr - 21 Apr 2018,Singles,Grade 5,Entry: DA,Hard,O,100322512,100244531
12.0,SF,W,"CHEN, Derrick",GBR,6-3 6-1,ITF Junior De Saint-Francois,"LEBLANC CLAVERIE, Tom",FRA,LEBLANC CLAVERIE,Tom,"St-François, Guadeloupe",16 Apr - 21 Apr 2018,Singles,Grade 5,Entry: DA,Hard,O,100279807,100244531
12.0,FR,L,"BERDUSCO, Russell",USA,2-6 2-6,ITF Junior De Saint-Francois,"LEBLANC CLAVERIE, Tom",FRA,LEBLANC CLAVERIE,Tom,"St-François, Guadeloupe",16 Apr - 21 Apr 2018,Singles,Grade 5,Entry: DA,Hard,O,100336891,100244531
13.0,Q1,L,"BAADI, Taha",CAN,2-6 5-7,ITF Junior Cap d'Ail					,"LEBLANC CLAVERIE, Tom",FRA,LEBLANC CLAVERIE,Tom,"Cap d'Ail, France",07 Apr - 08 Apr 2018,Singles,Grade 2,Entry: DA,Clay,O,100260371,100244531
14.0,32,W,"DE SOUZA FONSECA, Arthur",BRA,6-2 6-3,Copa Nicarao,"LEBLANC CLAVERIE, Tom",FRA,LEBLANC CLAVERIE,Tom,"Managua, Nicaragua",04 Dec - 09 Dec 2017,Singles,Grade 5,Entry: DA,Hard,O,100295812,100244531
14.0,16,L,"GALAN, Santiago",COL,0-6 7-5 3-6,Copa Nicarao,"LEBLANC CLAVERIE, Tom",FRA,LEBLANC CLAVERIE,Tom,"Managua, Nicaragua",04 Dec - 09 Dec 2017,Singles,Grade 5,Entry: DA,Hard,O,100292588,100244531
15.0,32,W,"HENAO MANRIQUE, Cesar Augusto",COL,6-3 6-1,Neighbours Cup ARU-VEN,"LEBLANC CLAVERIE, Tom",FRA,LEBLANC CLAVERIE,Tom,"Oranjestad, Venezuela",27 Nov - 02 Dec 2017,Singles,Grade 5,Entry: DA,Hard,O,100347713,100244531
15.0,16,W,"WIJK, Xaveam M. van",CUW,6-0 6-2,Neighbours Cup ARU-VEN,"LEBLANC CLAVERIE, Tom",FRA,LEBLANC CLAVERIE,Tom,"Oranjestad, Venezuela",27 Nov - 02 Dec 2017,Singles,Grade 5,Entry: DA,Hard,O,100341976,100244531
15.0,QF,L,"GALAN, Santiago",COL,3-6 6-2 1-6,Neighbours Cup ARU-VEN,"LEBLANC CLAVERIE, Tom",FRA,LEBLANC CLAVERIE,Tom,"Oranjestad, Venezuela",27 Nov - 02 Dec 2017,Singles,Grade 5,Entry: DA,Hard,O,100292588,100244531
16.0,32,W,"FIELDS, Aron",ANT,6-0 6-0,Antigua &amp; Barbuda Cup,"LEBLANC CLAVERIE, Tom",FRA,LEBLANC CLAVERIE,Tom,"National Tennis Center, Antigua &amp; Barbuda",13 Nov - 18 Nov 2017,Singles,Grade 5,Entry: DA,Hard,O,100370171,100244531
16.0,16,W,"GRACIAS, Rehab Savio",IND,6-2 7-6(2),Antigua &amp; Barbuda Cup,"LEBLANC CLAVERIE, Tom",FRA,LEBLANC CLAVERIE,Tom,"National Tennis Center, Antigua &amp; Barbuda",13 Nov - 18 Nov 2017,Singles,Grade 5,Entry: DA,Hard,O,100287158,100244531
16.0,QF,W,"DE BOES, Maikel",BEL,6-4 6-0,Antigua &amp; Barbuda Cup,"LEBLANC CLAVERIE, Tom",FRA,LEBLANC CLAVERIE,Tom,"National Tennis Center, Antigua &amp; Barbuda",13 Nov - 18 Nov 2017,Singles,Grade 5,Entry: DA,Hard,O,100349299,100244531
16.0,SF,L,"BRACHMAN, Spencer",USA,4-6 3-6,Antigua &amp; Barbuda Cup,"LEBLANC CLAVERIE, Tom",FRA,LEBLANC CLAVERIE,Tom,"National Tennis Center, Antigua &amp; Barbuda",13 Nov - 18 Nov 2017,Singles,Grade 5,Entry: DA,Hard,O,100314658,100244531
17.0,Q1,W,"KATTA, Phillip",USA,6-0 6-0,Evert American ITF,"LEBLANC CLAVERIE, Tom",FRA,LEBLANC CLAVERIE,Tom,"Boca Raton, FL, USA",06 Nov - 11 Nov 2017,Singles,Grade 4,Entry: DA,Hard,O,100258909,100244531
17.0,Q2,W,"POTTIPATI, Subhash",USA,3-6 6-3 6-1,Evert American ITF,"LEBLANC CLAVERIE, Tom",FRA,LEBLANC CLAVERIE,Tom,"Boca Raton, FL, USA",06 Nov - 11 Nov 2017,Singles,Grade 4,Entry: DA,Hard,O,100268860,100244531
17.0,Q3,L,"ROBINSON, Matthew",USA,2-6 6-7(7),Evert American ITF,"LEBLANC CLAVERIE, Tom",FRA,LEBLANC CLAVERIE,Tom,"Boca Raton, FL, USA",06 Nov - 11 Nov 2017,Singles,Grade 4,Entry: DA,Hard,O,100328642,100244531
17.0,64,W,"LEBLANC, Alexandre",CAN,7-6(2) 6-2,Evert American ITF,"LEBLANC CLAVERIE, Tom",FRA,LEBLANC CLAVERIE,Tom,"Boca Raton, FL, USA",06 Nov - 11 Nov 2017,Singles,Grade 4,Entry: DA,Hard,O,100294020,100244531
17.0,32,L,"ALLEN, Leighton",USA,2-6 1-6,Evert American ITF,"LEBLANC CLAVERIE, Tom",FRA,LEBLANC CLAVERIE,Tom,"Boca Raton, FL, USA",06 Nov - 11 Nov 2017,Singles,Grade 4,Entry: DA,Hard,O,100292013,100244531
18.0,64,W,"TVEDT, Nikolas",NOR,6-0 6-0,Cayman Cup,"LEBLANC CLAVERIE, Tom",FRA,LEBLANC CLAVERIE,Tom,"Grand Cayman, Cayman Islands",30 Oct - 04 Nov 2017,Singles,Grade 5,Entry: DA,Hard,O,100244540,100244531
18.0,32,L,"CASSO, Alfredo",MEX,5-7 1-6,Cayman Cup,"LEBLANC CLAVERIE, Tom",FRA,LEBLANC CLAVERIE,Tom,"Grand Cayman, Cayman Islands",30 Oct - 04 Nov 2017,Singles,Grade 5,Entry: DA,Hard,O,100302686,100244531
19.0,Q2,W,"JEARY, Ethan",TTO,6-0 6-0,Barbados Cup,"LEBLANC CLAVERIE, Tom",FRA,LEBLANC CLAVERIE,Tom,"Bridgetown, Barbados",23 Oct - 28 Oct 2017,Singles,Grade 5,Entry: DA,Hard,O,100352556,100244531
19.0,32,W,"BROME, Jadon",BAR,6-0 6-0,Barbados Cup,"LEBLANC CLAVERIE, Tom",FRA,LEBLANC CLAVERIE,Tom,"Bridgetown, Barbados",23 Oct - 28 Oct 2017,Singles,Grade 5,Entry: DA,Hard,O,100255196,100244531
19.0,16,W,"ARMBRISTER, Donte",BAH,6-4 7-6(0),Barbados Cup,"LEBLANC CLAVERIE, Tom",FRA,LEBLANC CLAVERIE,Tom,"Bridgetown, Barbados",23 Oct - 28 Oct 2017,Singles,Grade 5,Entry: DA,Hard,O,100321686,100244531
19.0,QF,W,"SUN, Andy",CAN,6-3 6-1,Barbados Cup,"LEBLANC CLAVERIE, Tom",FRA,LEBLANC CLAVERIE,Tom,"Bridgetown, Barbados",23 Oct - 28 Oct 2017,Singles,Grade 5,Entry: DA,Hard,O,100272484,100244531
19.0,SF,W,"CARNELLO, Lancelot",SWE,6-3 6-2,Barbados Cup,"LEBLANC CLAVERIE, Tom",FRA,LEBLANC CLAVERIE,Tom,"Bridgetown, Barbados",23 Oct - 28 Oct 2017,Singles,Grade 5,Entry: DA,Hard,O,100201120,100244531
19.0,FR,L,"GALAN, Santiago",COL,4-6 5-7,Barbados Cup,"LEBLANC CLAVERIE, Tom",FRA,LEBLANC CLAVERIE,Tom,"Bridgetown, Barbados",23 Oct - 28 Oct 2017,Singles,Grade 5,Entry: DA,Hard,O,100292588,100244531
20.0,Q1,W,"MARRERO, Juan Enrique",PUR,6-4 6-1,Plantation ITF,"LEBLANC CLAVERIE, Tom",FRA,LEBLANC CLAVERIE,Tom,"Plantation, USA",13 May - 14 May 2017,Singles,Grade 4,Entry: DA,Clay,O,100286160,100244531
20.0,Q2,L,"BORGES FILHO, Jean Carlos",BRA,6-3 2-6 2-6,Plantation ITF,"LEBLANC CLAVERIE, Tom",FRA,LEBLANC CLAVERIE,Tom,"Plantation, USA",13 May - 14 May 2017,Singles,Grade 4,Entry: DA,Clay,O,100290474,100244531
1.0,Q2,W,"SALLAY, Peter",HUN,6-2 6-3,Alfa TI Cup 2,"GONZALEZ FERNANDEZ, Mario",ESP,GONZALEZ FERNANDEZ,Mario,"Budapest, Hungary",28 Aug - 01 Sep 2018,Singles,Grade 2,Entry: DA,Clay,O,100256319,100318556
1.0,Q3,W,"NEUMAYER, Lukas",AUT,6-3 6-1,Alfa TI Cup 2,"GONZALEZ FERNANDEZ, Mario",ESP,GONZALEZ FERNANDEZ,Mario,"Budapest, Hungary",28 Aug - 01 Sep 2018,Singles,Grade 2,Entry: DA,Clay,O,100254287,100318556
1.0,32,W,"GINAT, Roi",ISR,6-1 7-6(5),Alfa TI Cup 2,"GONZALEZ FERNANDEZ, Mario",ESP,GONZALEZ FERNANDEZ,Mario,"Budapest, Hungary",28 Aug - 01 Sep 2018,Singles,Grade 2,Entry: DA,Clay,O,100255287,100318556
1.0,16,W,"IVANOV, Simon Anthony",BUL,6-4 7-6(2),Alfa TI Cup 2,"GONZALEZ FERNANDEZ, Mario",ESP,GONZALEZ FERNANDEZ,Mario,"Budapest, Hungary",28 Aug - 01 Sep 2018,Singles,Grade 2,Entry: DA,Clay,O,100203943,100318556
1.0,QF,W,"TACZALA, Dawid",POL,3-6 6-0 4-1 RET,Alfa TI Cup 2,"GONZALEZ FERNANDEZ, Mario",ESP,GONZALEZ FERNANDEZ,Mario,"Budapest, Hungary",28 Aug - 01 Sep 2018,Singles,Grade 2,Entry: DA,Clay,O,100252405,100318556
1.0,SF,L,"KRUMICH, Martin",CZE,5-7 7-5 4-6,Alfa TI Cup 2,"GONZALEZ FERNANDEZ, Mario",ESP,GONZALEZ FERNANDEZ,Mario,"Budapest, Hungary",28 Aug - 01 Sep 2018,Singles,Grade 2,Entry: DA,Clay,O,100259221,100318556
2.0,32,W,"SADAOUI , Mehdi",FRA,3-6 6-3 6-2,ITF Junior FTT Tunisia (Grade 4),"GONZALEZ FERNANDEZ, Mario",ESP,GONZALEZ FERNANDEZ,Mario,"Hammamet, Tunisia",03 Apr - 07 Apr 2018,Singles,Grade 4,Entry: DA,Clay,O,100294872,100318556
2.0,16,W,"ANDERSSON, Oliver",SWE,6-3 6-2,ITF Junior FTT Tunisia (Grade 4),"GONZALEZ FERNANDEZ, Mario",ESP,GONZALEZ FERNANDEZ,Mario,"Hammamet, Tunisia",03 Apr - 07 Apr 2018,Singles,Grade 4,Entry: DA,Clay,O,100248023,100318556
2.0,QF,W,"BEN BRAHIM, Zakaria",TUN,6-3 6-0,ITF Junior FTT Tunisia (Grade 4),"GONZALEZ FERNANDEZ, Mario",ESP,GONZALEZ FERNANDEZ,Mario,"Hammamet, Tunisia",03 Apr - 07 Apr 2018,Singles,Grade 4,Entry: DA,Clay,O,100248552,100318556
2.0,SF,L,"NAGOUDI, Adam",TUN,4-6 2-6,ITF Junior FTT Tunisia (Grade 4),"GONZALEZ FERNANDEZ, Mario",ESP,GONZALEZ FERNANDEZ,Mario,"Hammamet, Tunisia",03 Apr - 07 Apr 2018,Singles,Grade 4,Entry: DA,Clay,O,100212676,100318556
3.0,32,W,"RIEDI, Leandro",SUI,7-6(5) 6-3,I. CLTK CUP 2018,"GONZALEZ FERNANDEZ, Mario",ESP,GONZALEZ FERNANDEZ,Mario,"Prague, Czech Republic",24 Jan - 28 Jan 2018,Singles,Grade 4,Entry: DA,Hard,I,100227574,100318556
3.0,16,L,"HORAK, Vitek",CZE,6-4 4-6 2-6,I. CLTK CUP 2018,"GONZALEZ FERNANDEZ, Mario",ESP,GONZALEZ FERNANDEZ,Mario,"Prague, Czech Republic",24 Jan - 28 Jan 2018,Singles,Grade 4,Entry: DA,Hard,I,100257572,100318556
4.0,32,W,"KOSINSKI , Patryk",POL,6-1 6-2,Warsaw Cup 2018,"GONZALEZ FERNANDEZ, Mario",ESP,GONZALEZ FERNANDEZ,Mario,"Warsaw, Poland",17 Jan - 21 Jan 2018,Singles,Grade 5,Entry: DA,Hard,I,100214663,100318556
4.0,16,L,"PHILIPPOV, Evgeny",RUS,3-6 6-4 2-6,Warsaw Cup 2018,"GONZALEZ FERNANDEZ, Mario",ESP,GONZALEZ FERNANDEZ,Mario,"Warsaw, Poland",17 Jan - 21 Jan 2018,Singles,Grade 5,Entry: DA,Hard,I,100261278,100318556
5.0,Q1,W,"TRAMONTIN, Alessio",ITA,6-0 6-3,ProAktiv eiendomsmegling ITF Stavanger,"GONZALEZ FERNANDEZ, Mario",ESP,GONZALEZ FERNANDEZ,Mario,"Stavanger, Norway",28 Nov - 02 Dec 2017,Singles,Grade 5,Entry: DA,Hard,I,100283664,100318556
5.0,Q2,W,"STAVE LEPSOE, Ole Tinius",NOR,6-2 6-1,ProAktiv eiendomsmegling ITF Stavanger,"GONZALEZ FERNANDEZ, Mario",ESP,GONZALEZ FERNANDEZ,Mario,"Stavanger, Norway",28 Nov - 02 Dec 2017,Singles,Grade 5,Entry: DA,Hard,I,100258765,100318556
5.0,Q3,W,"KONOPKO, Witold",POL,6-0 6-2,ProAktiv eiendomsmegling ITF Stavanger,"GONZALEZ FERNANDEZ, Mario",ESP,GONZALEZ FERNANDEZ,Mario,"Stavanger, Norway",28 Nov - 02 Dec 2017,Singles,Grade 5,Entry: DA,Hard,I,100260012,100318556
5.0,32,W,"RIVERA, Leyton",NOR,6-4 6-2,ProAktiv eiendomsmegling ITF Stavanger,"GONZALEZ FERNANDEZ, Mario",ESP,GONZALEZ FERNANDEZ,Mario,"Stavanger, Norway",28 Nov - 02 Dec 2017,Singles,Grade 5,Entry: DA,Hard,I,100227315,100318556
5.0,16,W,"RALSTON, Caleb",IRL,7-6(3) 6-3,ProAktiv eiendomsmegling ITF Stavanger,"GONZALEZ FERNANDEZ, Mario",ESP,GONZALEZ FERNANDEZ,Mario,"Stavanger, Norway",28 Nov - 02 Dec 2017,Singles,Grade 5,Entry: DA,Hard,I,100260200,100318556
5.0,QF,W,"PALUCH, Karol",POL,6-4 6-4,ProAktiv eiendomsmegling ITF Stavanger,"GONZALEZ FERNANDEZ, Mario",ESP,GONZALEZ FERNANDEZ,Mario,"Stavanger, Norway",28 Nov - 02 Dec 2017,Singles,Grade 5,Entry: DA,Hard,I,100215114,100318556
5.0,SF,L,"DECKERS, Alec",NED,2-6 3-6,ProAktiv eiendomsmegling ITF Stavanger,"GONZALEZ FERNANDEZ, Mario",ESP,GONZALEZ FERNANDEZ,Mario,"Stavanger, Norway",28 Nov - 02 Dec 2017,Singles,Grade 5,Entry: DA,Hard,I,100204913,100318556
6.0,Q1,W,"OWEN, Tom",GBR,6-4 6-3,Nike Junior International Liverpool,"GONZALEZ FERNANDEZ, Mario",ESP,GONZALEZ FERNANDEZ,Mario,"Liverpool, Great Britain",20 Nov - 25 Nov 2017,Singles,Grade 5,Entry: DA,Hard,I,100331129,100318556
6.0,Q2,W,"MACKINLAY, James",GBR,7-6(4) 6-3,Nike Junior International Liverpool,"GONZALEZ FERNANDEZ, Mario",ESP,GONZALEZ FERNANDEZ,Mario,"Liverpool, Great Britain",20 Nov - 25 Nov 2017,Singles,Grade 5,Entry: DA,Hard,I,100207092,100318556
6.0,Q3,W,"VANWOLLEGHEM, Raynaud",BEL,6-0 6-0,Nike Junior International Liverpool,"GONZALEZ FERNANDEZ, Mario",ESP,GONZALEZ FERNANDEZ,Mario,"Liverpool, Great Britain",20 Nov - 25 Nov 2017,Singles,Grade 5,Entry: DA,Hard,I,100346660,100318556
6.0,32,W,"RUTTER, Matthew",GBR,6-2 6-3,Nike Junior International Liverpool,"GONZALEZ FERNANDEZ, Mario",ESP,GONZALEZ FERNANDEZ,Mario,"Liverpool, Great Britain",20 Nov - 25 Nov 2017,Singles,Grade 5,Entry: DA,Hard,I,100287001,100318556
6.0,16,W,"PALUCH, Karol",POL,6-3 6-1,Nike Junior International Liverpool,"GONZALEZ FERNANDEZ, Mario",ESP,GONZALEZ FERNANDEZ,Mario,"Liverpool, Great Britain",20 Nov - 25 Nov 2017,Singles,Grade 5,Entry: DA,Hard,I,100215114,100318556
6.0,QF,W,"SAMUEL, Toby",GBR,6-1 6-2,Nike Junior International Liverpool,"GONZALEZ FERNANDEZ, Mario",ESP,GONZALEZ FERNANDEZ,Mario,"Liverpool, Great Britain",20 Nov - 25 Nov 2017,Singles,Grade 5,Entry: DA,Hard,I,100252864,100318556
6.0,SF,W,"MAGGS, Alexander",GBR,4-6 6-2 6-1,Nike Junior International Liverpool,"GONZALEZ FERNANDEZ, Mario",ESP,GONZALEZ FERNANDEZ,Mario,"Liverpool, Great Britain",20 Nov - 25 Nov 2017,Singles,Grade 5,Entry: DA,Hard,I,100258095,100318556
6.0,FR,L,"MARTIN, Daniel",GBR,2-6 6-1 3-6,Nike Junior International Liverpool,"GONZALEZ FERNANDEZ, Mario",ESP,GONZALEZ FERNANDEZ,Mario,"Liverpool, Great Britain",20 Nov - 25 Nov 2017,Singles,Grade 5,Entry: DA,Hard,I,100305462,100318556
7.0,Q2,W,"MANCIOC, Sergiu",ROU,6-3 6-0,Koza Wos Tennis Cup,"GONZALEZ FERNANDEZ, Mario",ESP,GONZALEZ FERNANDEZ,Mario,"Istanbul, Turkey",09 Oct - 15 Oct 2017,Singles,Grade 5,Entry: DA,Hard,I,100203802,100318556
7.0,64,W,"CELIK, Teoman",TUR,6-0 6-1,Koza Wos Tennis Cup,"GONZALEZ FERNANDEZ, Mario",ESP,GONZALEZ FERNANDEZ,Mario,"Istanbul, Turkey",09 Oct - 15 Oct 2017,Singles,Grade 5,Entry: DA,Hard,I,100253051,100318556
7.0,32,W,"ER, Erden",TUR,6-0 6-2,Koza Wos Tennis Cup,"GONZALEZ FERNANDEZ, Mario",ESP,GONZALEZ FERNANDEZ,Mario,"Istanbul, Turkey",09 Oct - 15 Oct 2017,Singles,Grade 5,Entry: DA,Hard,I,100324798,100318556
7.0,16,L,"AKKOYUN, Umut",TUR,2-6 5-7,Koza Wos Tennis Cup,"GONZALEZ FERNANDEZ, Mario",ESP,GONZALEZ FERNANDEZ,Mario,"Istanbul, Turkey",09 Oct - 15 Oct 2017,Singles,Grade 5,Entry: DA,Hard,I,100204489,100318556
1.0,32,W,"INFANTE SANTANA, Federico",DOM,6-2 6-2,Copa El Salvador 3,"SOLARES MIDENCE, Carlos Alejandro",BOL,SOLARES MIDENCE,Carlos Alejandro,"Santa Tecla, El Salvador",20 Aug - 25 Aug 2018,Singles,Grade 5,Entry: DA,Hard,O,100365967,100299299
1.0,16,W,"LICEA, Alejandro",ESA,7-6(5) 6-2,Copa El Salvador 3,"SOLARES MIDENCE, Carlos Alejandro",BOL,SOLARES MIDENCE,Carlos Alejandro,"Santa Tecla, El Salvador",20 Aug - 25 Aug 2018,Singles,Grade 5,Entry: DA,Hard,O,100356987,100299299
1.0,QF,W,"FLORES, Javier",ESA,6-2 6-4,Copa El Salvador 3,"SOLARES MIDENCE, Carlos Alejandro",BOL,SOLARES MIDENCE,Carlos Alejandro,"Santa Tecla, El Salvador",20 Aug - 25 Aug 2018,Singles,Grade 5,Entry: DA,Hard,O,100284347,100299299
1.0,SF,W,"DOMINGUEZ COLLADO, Juan Sebastian",GUA,6-4 6-3,Copa El Salvador 3,"SOLARES MIDENCE, Carlos Alejandro",BOL,SOLARES MIDENCE,Carlos Alejandro,"Santa Tecla, El Salvador",20 Aug - 25 Aug 2018,Singles,Grade 5,Entry: DA,Hard,O,100312028,100299299
1.0,FR,W,"CASSO, Alfredo",MEX,4-6 7-5 6-3,Copa El Salvador 3,"SOLARES MIDENCE, Carlos Alejandro",BOL,SOLARES MIDENCE,Carlos Alejandro,"Santa Tecla, El Salvador",20 Aug - 25 Aug 2018,Singles,Grade 5,Entry: DA,Hard,O,100302686,100299299
2.0,64,L,"GONZALEZ, Alvaro",MEX,4-6 3-6,Copa Indervalle,"SOLARES MIDENCE, Carlos Alejandro",BOL,SOLARES MIDENCE,Carlos Alejandro,"Cali, Colombia",30 Jul - 04 Aug 2018,Singles,Grade 3,Entry: DA,Clay,O,100267643,100299299
3.0,64,L,"SUAREZ GUTIERREZ, German Alonso",COL,5-7 6-4 3-6,Liga de Tenis de Bogotá,"SOLARES MIDENCE, Carlos Alejandro",BOL,SOLARES MIDENCE,Carlos Alejandro,"Bogotá, Colombia",23 Jul - 28 Jul 2018,Singles,Grade 3,Entry: DA,Clay,O,100296551,100299299
4.0,32,W,"MAURICE, Krishna",HAI,6-2 6-2,XXVII Copa Merengue (G4),"SOLARES MIDENCE, Carlos Alejandro",BOL,SOLARES MIDENCE,Carlos Alejandro,"Santo Domingo, Dominican Republic",16 Jul - 21 Jul 2018,Singles,Grade 4,Entry: DA,Hard,O,100361477,100299299
4.0,16,W,"ARMSTRONG, Russell",ISV,6-0 6-0,XXVII Copa Merengue (G4),"SOLARES MIDENCE, Carlos Alejandro",BOL,SOLARES MIDENCE,Carlos Alejandro,"Santo Domingo, Dominican Republic",16 Jul - 21 Jul 2018,Singles,Grade 4,Entry: DA,Hard,O,100314548,100299299
4.0,QF,W,"CABALLER, Joaquin",ESP,6-2 6-3,XXVII Copa Merengue (G4),"SOLARES MIDENCE, Carlos Alejandro",BOL,SOLARES MIDENCE,Carlos Alejandro,"Santo Domingo, Dominican Republic",16 Jul - 21 Jul 2018,Singles,Grade 4,Entry: DA,Hard,O,100318224,100299299
4.0,SF,L,"VANSHELBOIM, Eric",UKR,6-1 3-6 0-6,XXVII Copa Merengue (G4),"SOLARES MIDENCE, Carlos Alejandro",BOL,SOLARES MIDENCE,Carlos Alejandro,"Santo Domingo, Dominican Republic",16 Jul - 21 Jul 2018,Singles,Grade 4,Entry: DA,Hard,O,100209981,100299299
5.0,64,W,"CORTES, Andres",MEX,6-3 6-4,JITIC U18 Regional Championship,"SOLARES MIDENCE, Carlos Alejandro",BOL,SOLARES MIDENCE,Carlos Alejandro,"Mexico, Mexico",18 Jun - 23 Jun 2018,Singles,Grade B3,Entry: DA,Hard,O,100339605,100299299
5.0,32,W,"ALONSO, Manuel Antonio",MEX,6-1 6-0,JITIC U18 Regional Championship,"SOLARES MIDENCE, Carlos Alejandro",BOL,SOLARES MIDENCE,Carlos Alejandro,"Mexico, Mexico",18 Jun - 23 Jun 2018,Singles,Grade B3,Entry: DA,Hard,O,100354861,100299299
5.0,16,W,"SYDOW, Frederick",ARU,6-4 6-3,JITIC U18 Regional Championship,"SOLARES MIDENCE, Carlos Alejandro",BOL,SOLARES MIDENCE,Carlos Alejandro,"Mexico, Mexico",18 Jun - 23 Jun 2018,Singles,Grade B3,Entry: DA,Hard,O,100331160,100299299
5.0,QF,L,"MAGADAN, Alan",MEX,1-6 3-6,JITIC U18 Regional Championship,"SOLARES MIDENCE, Carlos Alejandro",BOL,SOLARES MIDENCE,Carlos Alejandro,"Mexico, Mexico",18 Jun - 23 Jun 2018,Singles,Grade B3,Entry: DA,Hard,O,100369852,100299299
6.0,32,W,"PADILLA, Santiago",GUA,6-0 6-4,Copa Mundo Maya by Universidad Galileo,"SOLARES MIDENCE, Carlos Alejandro",BOL,SOLARES MIDENCE,Carlos Alejandro,"Ciudad de Guatemala, Guatemala",11 Jun - 16 Jun 2018,Singles,Grade 4,Entry: DA,Hard,O,100349066,100299299
6.0,16,W,"CASSO, Alfredo",MEX,6-7(3) 6-1 6-2,Copa Mundo Maya by Universidad Galileo,"SOLARES MIDENCE, Carlos Alejandro",BOL,SOLARES MIDENCE,Carlos Alejandro,"Ciudad de Guatemala, Guatemala",11 Jun - 16 Jun 2018,Singles,Grade 4,Entry: DA,Hard,O,100302686,100299299
6.0,QF,L,"MCKENNON, Maxwell",USA,2-6 1-6,Copa Mundo Maya by Universidad Galileo,"SOLARES MIDENCE, Carlos Alejandro",BOL,SOLARES MIDENCE,Carlos Alejandro,"Ciudad de Guatemala, Guatemala",11 Jun - 16 Jun 2018,Singles,Grade 4,Entry: DA,Hard,O,100328633,100299299
7.0,32,W,"GONZALEZ, Emiliano",MEX,6-1 6-3,Copa Libertad,"SOLARES MIDENCE, Carlos Alejandro",BOL,SOLARES MIDENCE,Carlos Alejandro,"Zaragoza, El Salvador",04 Jun - 09 Jun 2018,Singles,Grade 4,Entry: DA,Clay,O,100350301,100299299
7.0,16,W,"RODDICK, Jc",USA,7-5 2-6 6-3,Copa Libertad,"SOLARES MIDENCE, Carlos Alejandro",BOL,SOLARES MIDENCE,Carlos Alejandro,"Zaragoza, El Salvador",04 Jun - 09 Jun 2018,Singles,Grade 4,Entry: DA,Clay,O,100328643,100299299
7.0,QF,L,"SANCHEZ, Samuel",MEX,6-3 3-6 4-6,Copa Libertad,"SOLARES MIDENCE, Carlos Alejandro",BOL,SOLARES MIDENCE,Carlos Alejandro,"Zaragoza, El Salvador",04 Jun - 09 Jun 2018,Singles,Grade 4,Entry: DA,Clay,O,100372972,100299299
8.0,32,L,"CASSO, Alfredo",MEX,3-6 6-4 0-6,Copa Cariari,"SOLARES MIDENCE, Carlos Alejandro",BOL,SOLARES MIDENCE,Carlos Alejandro,"San Jose, Costa Rica",21 May - 26 May 2018,Singles,Grade 4,Entry: DA,Hard,O,100302686,100299299
9.0,64,W,"ARMBRISTER, Donte",BAH,6-1 7-5,Copa El Salvador 1 - 2018,"SOLARES MIDENCE, Carlos Alejandro",BOL,SOLARES MIDENCE,Carlos Alejandro,"La Libertad, El Salvador",26 Feb - 03 Mar 2018,Singles,Grade 4,Entry: DA,Hard,O,100321686,100299299
9.0,32,W,"MCLEOD, Quinn",USA,7-5 6-3,Copa El Salvador 1 - 2018,"SOLARES MIDENCE, Carlos Alejandro",BOL,SOLARES MIDENCE,Carlos Alejandro,"La Libertad, El Salvador",26 Feb - 03 Mar 2018,Singles,Grade 4,Entry: DA,Hard,O,100213491,100299299
9.0,16,L,"MOCHIZUKI, Shintaro",JPN,3-6 0-6,Copa El Salvador 1 - 2018,"SOLARES MIDENCE, Carlos Alejandro",BOL,SOLARES MIDENCE,Carlos Alejandro,"La Libertad, El Salvador",26 Feb - 03 Mar 2018,Singles,Grade 4,Entry: DA,Hard,O,100330690,100299299
10.0,32,L,"JIMENEZ, Jorge",COL,6-3 4-6 4-6,Copa Universidad Galileo,"SOLARES MIDENCE, Carlos Alejandro",BOL,SOLARES MIDENCE,Carlos Alejandro,"Guatemala City, Guatemala",19 Feb - 24 Feb 2018,Singles,Grade 4,Entry: DA,Hard,O,100316032,100299299
11.0,32,W,"FREIRE, Ian",GUA,6-1 7-6(4),ITF Junior Copa Bam,"SOLARES MIDENCE, Carlos Alejandro",BOL,SOLARES MIDENCE,Carlos Alejandro,"Guatemala City, Guatemala",20 Nov - 25 Nov 2017,Singles,Grade 5,Entry: DA,Hard,O,100350292,100299299
11.0,16,L,"ALBAN, Ricardo",ECU,3-6 1-6,ITF Junior Copa Bam,"SOLARES MIDENCE, Carlos Alejandro",BOL,SOLARES MIDENCE,Carlos Alejandro,"Guatemala City, Guatemala",20 Nov - 25 Nov 2017,Singles,Grade 5,Entry: DA,Hard,O,100221064,100299299
12.0,32,W,"URCUYO, Andres",CRC,6-1 6-0,Sport Slam Junior,"SOLARES MIDENCE, Carlos Alejandro",BOL,SOLARES MIDENCE,Carlos Alejandro,"Managua, Nicaragua",18 Sep - 23 Sep 2017,Singles,Grade 5,Entry: DA,Hard,O,100349080,100299299
12.0,16,L,"CABALLER, Joaquin",ESP,3-6 7-5 4-6,Sport Slam Junior,"SOLARES MIDENCE, Carlos Alejandro",BOL,SOLARES MIDENCE,Carlos Alejandro,"Managua, Nicaragua",18 Sep - 23 Sep 2017,Singles,Grade 5,Entry: DA,Hard,O,100318224,100299299
13.0,32,W,"SAU FRANCO, Alan",MEX,6-3 4-6 7-6(5),Honduras Junior Bowl,"SOLARES MIDENCE, Carlos Alejandro",BOL,SOLARES MIDENCE,Carlos Alejandro,"Comayaguela, Honduras",04 Sep - 09 Sep 2017,Singles,Grade 5,Entry: DA,Hard,O,100299741,100299299
13.0,16,W,"DE LA O VELASCO, Jonathan",ESA,6-2 6-2,Honduras Junior Bowl,"SOLARES MIDENCE, Carlos Alejandro",BOL,SOLARES MIDENCE,Carlos Alejandro,"Comayaguela, Honduras",04 Sep - 09 Sep 2017,Singles,Grade 5,Entry: DA,Hard,O,100309641,100299299
13.0,QF,L,"SUAREZ GUTIERREZ, German Alonso",COL,2-6 1-6,Honduras Junior Bowl,"SOLARES MIDENCE, Carlos Alejandro",BOL,SOLARES MIDENCE,Carlos Alejandro,"Comayaguela, Honduras",04 Sep - 09 Sep 2017,Singles,Grade 5,Entry: DA,Hard,O,100296551,100299299
14.0,32,W,"VILLAMIZAR ABIA, Jesus Alejandro",VEN,6-7(6) 6-4 6-1,Panama Mid Season,"SOLARES MIDENCE, Carlos Alejandro",BOL,SOLARES MIDENCE,Carlos Alejandro,"Llanos de Curundu, Panama",28 Aug - 02 Sep 2017,Singles,Grade 5,Entry: DA,Clay,O,100311538,100299299
14.0,16,L,"PAREDES, Juan Manuel",COL,1-6 2-6,Panama Mid Season,"SOLARES MIDENCE, Carlos Alejandro",BOL,SOLARES MIDENCE,Carlos Alejandro,"Llanos de Curundu, Panama",28 Aug - 02 Sep 2017,Singles,Grade 5,Entry: DA,Clay,O,100312587,100299299
15.0,64,W,"DOSSETTER, Charles",GBR,6-1 6-1,XXVI Copa Merengue	,"SOLARES MIDENCE, Carlos Alejandro",BOL,SOLARES MIDENCE,Carlos Alejandro,"Santo Domingo, Dominican Republic",17 Jul - 22 Jul 2017,Singles,Grade 4,Entry: DA,Hard,O,100315624,100299299
15.0,32,L,"CELEBIDACHI, Sergiu",GER,1-6 4-6,XXVI Copa Merengue	,"SOLARES MIDENCE, Carlos Alejandro",BOL,SOLARES MIDENCE,Carlos Alejandro,"Santo Domingo, Dominican Republic",17 Jul - 22 Jul 2017,Singles,Grade 4,Entry: DA,Hard,O,100297440,100299299
16.0,64,W,"MUELLER, Andrew Patrick",GUA,6-3 6-4,JITIC U18 Regional Championship,"SOLARES MIDENCE, Carlos Alejandro",BOL,SOLARES MIDENCE,Carlos Alejandro,"Tacarigua, Trinidad &amp; Tobago",19 Jun - 24 Jun 2017,Singles,Grade B3,Entry: WC,Hard,O,100292417,100299299
16.0,32,L,"BATALLA DIEZ, Juan Ignacio",MEX,0-6 0-6,JITIC U18 Regional Championship,"SOLARES MIDENCE, Carlos Alejandro",BOL,SOLARES MIDENCE,Carlos Alejandro,"Tacarigua, Trinidad &amp; Tobago",19 Jun - 24 Jun 2017,Singles,Grade B3,Entry: WC,Hard,O,100273815,100299299
17.0,Q1,W,"PADILLA, Santiago",GUA,6-1 6-1,Copa Mundo Maya by Universidad Galileo,"SOLARES MIDENCE, Carlos Alejandro",BOL,SOLARES MIDENCE,Carlos Alejandro,"Ciudad de Guatemala, Guatemala",10 Jun - 11 Jun 2017,Singles,Grade 4,Entry: DA,Hard,O,100349066,100299299
17.0,Q2,L,"TORRES, Juan Bautista",ARG,1-6 1-6,Copa Mundo Maya by Universidad Galileo,"SOLARES MIDENCE, Carlos Alejandro",BOL,SOLARES MIDENCE,Carlos Alejandro,"Ciudad de Guatemala, Guatemala",10 Jun - 11 Jun 2017,Singles,Grade 4,Entry: DA,Hard,O,100335193,100299299
18.0,Q1,W,"ALVAREZ ORTIZ, Julio Alberto",MEX,6-0 6-1,Copa La Libertad ITF Junior,"SOLARES MIDENCE, Carlos Alejandro",BOL,SOLARES MIDENCE,Carlos Alejandro,"La Libertad, El Salvador",03 Jun - 04 Jun 2017,Singles,Grade 4,Entry: DA,Clay,O,100323181,100299299
18.0,Q2,L,"HERNANDEZ MARIONA, Kris Alessandro",GUA,6-7(5) 3-6,Copa La Libertad ITF Junior,"SOLARES MIDENCE, Carlos Alejandro",BOL,SOLARES MIDENCE,Carlos Alejandro,"La Libertad, El Salvador",03 Jun - 04 Jun 2017,Singles,Grade 4,Entry: DA,Clay,O,100297477,100299299
19.0,Q1,L,"ROLLINS, Pierce",USA,3-6 5-7,El Salvador ITF Junior 2017		,"SOLARES MIDENCE, Carlos Alejandro",BOL,SOLARES MIDENCE,Carlos Alejandro,"La Libertad, El Salvador",27 May - 28 May 2017,Singles,Grade 5,Entry: DA,Hard,O,100283745,100299299
20.0,Q1,L,"MUELLER, Andrew Patrick",GUA,3-6 3-6,Copa Universidad Galileo			,"SOLARES MIDENCE, Carlos Alejandro",BOL,SOLARES MIDENCE,Carlos Alejandro,"Guatemala City, Guatemala",18 Feb - 19 Feb 2017,Singles,Grade 4,Entry: DA,Hard,O,100292417,100299299
21.0,Q1,L,"CONRON, Graham",USA,5-7 5-7,Copa Arabe Internacional,"SOLARES MIDENCE, Carlos Alejandro",BOL,SOLARES MIDENCE,Carlos Alejandro,"San Pedro Sula, Honduras",10 Sep - 11 Sep 2016,Singles,Grade 5,Entry: DA,Hard,O,100300054,100299299
22.0,Q1,L,"HERNANDEZ MARIONA, Kevin Leonel",GUA,2-6 4-6,Copa Mundo Maya by Universidad Galileo,"SOLARES MIDENCE, Carlos Alejandro",BOL,SOLARES MIDENCE,Carlos Alejandro,"Ciudad de Guatemala, Guatemala",11 Jun - 12 Jun 2016,Singles,Grade 4,Entry: WC,Hard,O,100252966,100299299
23.0,Q2,L,"PEREIRA, Rodrigo",NCA,2-6 1-6,El Salvador ITF Junior 2016		,"SOLARES MIDENCE, Carlos Alejandro",BOL,SOLARES MIDENCE,Carlos Alejandro,"La Libertad, El Salvador",20 Feb - 21 Feb 2016,Singles,Grade 4,Entry: DA,Hard,O,100301008,100299299
24.0,Q1,L,"ORTIZ STOESSEL, Juan Ignacio",NCA,4-6 7-5 4-6,Copa Universidad Galileo			,"SOLARES MIDENCE, Carlos Alejandro",BOL,SOLARES MIDENCE,Carlos Alejandro,"Guatemala City, Guatemala",13 Feb - 14 Feb 2016,Singles,Grade 4,Entry: DA,Hard,O,100303547,100299299
1.0,32,W,"DAGLIS, Christos-Panagiotis",GRE,6-2 6-2,3rd Ioannina Cup,"ADAMEK, Makary",POL,ADAMEK,Makary,"Ioannina, Greece",09 Jul - 14 Jul 2018,Singles,Grade 4,Entry: DA,Clay,O,100284069,100230371
1.0,16,L,"TERZIEV, Simeon",BUL,1-6 4-6,3rd Ioannina Cup,"ADAMEK, Makary",POL,ADAMEK,Makary,"Ioannina, Greece",09 Jul - 14 Jul 2018,Singles,Grade 4,Entry: DA,Clay,O,100254683,100230371
2.0,32,W,"DRAKOS , Athanassios",GRE,6-0 6-1,Corfu Cup,"ADAMEK, Makary",POL,ADAMEK,Makary,"Corfu, Greece",02 Jul - 08 Jul 2018,Singles,Grade 4,Entry: DA,Carpet,O,100255120,100230371
2.0,16,L,"KALAFATIC, Stefan",SRB,5-7 6-7(6),Corfu Cup,"ADAMEK, Makary",POL,ADAMEK,Makary,"Corfu, Greece",02 Jul - 08 Jul 2018,Singles,Grade 4,Entry: DA,Carpet,O,100261885,100230371
3.0,32,W,"HAVIV, Raz",ISR,6-3 6-1,Preveza Cup,"ADAMEK, Makary",POL,ADAMEK,Makary,"Preveza, Greece",26 Jun - 01 Jul 2018,Singles,Grade 4,Entry: DA,Hard,O,100229743,100230371
3.0,16,W,"PAPAIOANNOU, Odysseas",GRE,6-4 6-2,Preveza Cup,"ADAMEK, Makary",POL,ADAMEK,Makary,"Preveza, Greece",26 Jun - 01 Jul 2018,Singles,Grade 4,Entry: DA,Hard,O,100275637,100230371
3.0,QF,L,"WHITE, Joseph",GBR,2-6 4-6,Preveza Cup,"ADAMEK, Makary",POL,ADAMEK,Makary,"Preveza, Greece",26 Jun - 01 Jul 2018,Singles,Grade 4,Entry: DA,Hard,O,100256232,100230371
6.0,32,W,"CHUEV, Nikita",RUS,6-1 6-1,Bishkek Open - 1,"ADAMEK, Makary",POL,ADAMEK,Makary,"Bishkek, Kyrgyzstan",22 May - 26 May 2018,Singles,Grade 5,Entry: DA,Clay,O,100222089,100230371
6.0,16,W,"SHIN, Maksim",UZB,6-1 6-1,Bishkek Open - 1,"ADAMEK, Makary",POL,ADAMEK,Makary,"Bishkek, Kyrgyzstan",22 May - 26 May 2018,Singles,Grade 5,Entry: DA,Clay,O,100256519,100230371
6.0,QF,W,"IBRAGIMOV, Daniel",RUS,6-3 6-1,Bishkek Open - 1,"ADAMEK, Makary",POL,ADAMEK,Makary,"Bishkek, Kyrgyzstan",22 May - 26 May 2018,Singles,Grade 5,Entry: DA,Clay,O,100249694,100230371
6.0,SF,W,"KHOTCHENKOV , Egor",RUS,6-3 6-1,Bishkek Open - 1,"ADAMEK, Makary",POL,ADAMEK,Makary,"Bishkek, Kyrgyzstan",22 May - 26 May 2018,Singles,Grade 5,Entry: DA,Clay,O,100322794,100230371
6.0,FR,L,"MEHRA, Rohan",IND,6-3 3-6 1-6,Bishkek Open - 1,"ADAMEK, Makary",POL,ADAMEK,Makary,"Bishkek, Kyrgyzstan",22 May - 26 May 2018,Singles,Grade 5,Entry: DA,Clay,O,100282976,100230371
7.0,64,L,"THOMAS-SMITH, Deji",GBR,2-6 4-6,Nottingham Junior International (Week 1),"ADAMEK, Makary",POL,ADAMEK,Makary,"Nottingham, Great Britain",17 Apr - 22 Apr 2018,Singles,Grade 4,Entry: DA,Hard,O,100259235,100230371
8.0,64,L,"MUSETTI, Lorenzo",ITA,1-6 0-6,34. Perin Memorial,"ADAMEK, Makary",POL,ADAMEK,Makary,"Vrsar, Croatia",20 Mar - 25 Mar 2018,Singles,Grade 1,Entry: DA,Clay,O,100255913,100230371
9.0,32,L,"PONTJODIKROMO, Sidane",NED,0-6 1-6,ITF 4 In-doorn Heuvelrug,"ADAMEK, Makary",POL,ADAMEK,Makary,"Doorn, Netherlands",14 Feb - 18 Feb 2018,Singles,Grade 4,Entry: DA,Hard,I,100220380,100230371
10.0,32,L,"TORSKI, Osman",GER,7-6(5) 1-2 RET,YONEX ITF Hamburg,"ADAMEK, Makary",POL,ADAMEK,Makary,"Hamburg, Germany",06 Feb - 11 Feb 2018,Singles,Grade 4,Entry: DA,Hard,I,100209204,100230371
11.0,32,L,"HORVAT, Roko",CRO,5-7 0-6,Junior Zagreb Cup,"ADAMEK, Makary",POL,ADAMEK,Makary,"Zagreb, Croatia",28 Nov - 02 Dec 2017,Singles,Grade 4,Entry: DA,Hard,I,100250751,100230371
12.0,32,W,"SUNTIC, Sabit",SRB,4-6 6-3 7-5,Maribor Open,"ADAMEK, Makary",POL,ADAMEK,Makary,"Maribor, Slovenia",20 Nov - 24 Nov 2017,Singles,Grade 4,Entry: DA,Carpet,I,100205041,100230371
12.0,16,L,"PLANINSEK, Filip Jeff",SLO,3-6 7-6(2) 3-6,Maribor Open,"ADAMEK, Makary",POL,ADAMEK,Makary,"Maribor, Slovenia",20 Nov - 24 Nov 2017,Singles,Grade 4,Entry: DA,Carpet,I,100224262,100230371
13.0,32,W,"BHAGTANI, Vansh",IND,6-1 6-4,16th UAE Dubai ITF Junior Championships,"ADAMEK, Makary",POL,ADAMEK,Makary,"Dubai, United Arab Emirates",06 Nov - 11 Nov 2017,Singles,Grade 4,Entry: DA,Hard,O,100284098,100230371
13.0,16,W,"RAKHIMOV, Amir",RUS,6-1 6-1,16th UAE Dubai ITF Junior Championships,"ADAMEK, Makary",POL,ADAMEK,Makary,"Dubai, United Arab Emirates",06 Nov - 11 Nov 2017,Singles,Grade 4,Entry: DA,Hard,O,100258061,100230371
13.0,QF,L,"SALEKAR, Piyush Surendra",IND,5-7 2-6,16th UAE Dubai ITF Junior Championships,"ADAMEK, Makary",POL,ADAMEK,Makary,"Dubai, United Arab Emirates",06 Nov - 11 Nov 2017,Singles,Grade 4,Entry: DA,Hard,O,100278758,100230371
14.0,32,L,"LUKMANOV, Azamat",UZB,3-6 6-4 3-6,3rd Fujairah ITF Junior West Asia Cup,"ADAMEK, Makary",POL,ADAMEK,Makary,"Fujairah, United Arab Emirates",30 Oct - 04 Nov 2017,Singles,Grade 5,Entry: DA,Hard,O,100256469,100230371
15.0,32,W,"MACOVEI, Radu Florin",ROU,6-2 6-3,Opel Cup	,"ADAMEK, Makary",POL,ADAMEK,Makary,"Budapest, Hungary",23 Oct - 28 Oct 2017,Singles,Grade 4,Entry: DA,Clay,I,100232472,100230371
15.0,16,W,"AZZALINI, Alessio",AUS,6-4 6-3,Opel Cup	,"ADAMEK, Makary",POL,ADAMEK,Makary,"Budapest, Hungary",23 Oct - 28 Oct 2017,Singles,Grade 4,Entry: DA,Clay,I,100224521,100230371
15.0,QF,L,"PLANINSEK, Filip Jeff",SLO,2-6 7-6(8) 0-6,Opel Cup	,"ADAMEK, Makary",POL,ADAMEK,Makary,"Budapest, Hungary",23 Oct - 28 Oct 2017,Singles,Grade 4,Entry: DA,Clay,I,100224262,100230371
16.0,32,L,"BRUNGS, Hugo",SWE,1-6 2-5 RET,ITF U18 Mauritius Open,"ADAMEK, Makary",POL,ADAMEK,Makary,"Phoenix, Mauritius",28 Aug - 01 Sep 2017,Singles,Grade 5,Entry: DA,Hard,O,100226709,100230371
17.0,32,W,"POULSEN, Oskar Brostrom",DEN,6-4 6-3,ITF U18 Petit Camp Open,"ADAMEK, Makary",POL,ADAMEK,Makary,"Phoenix, Mauritius",21 Aug - 25 Aug 2017,Singles,Grade 4,Entry: DA,Hard,O,100238802,100230371
17.0,16,W,"HESSELMANN, Luca",GER,6-2 6-0,ITF U18 Petit Camp Open,"ADAMEK, Makary",POL,ADAMEK,Makary,"Phoenix, Mauritius",21 Aug - 25 Aug 2017,Singles,Grade 4,Entry: DA,Hard,O,100241594,100230371
17.0,QF,W,"ALVESTRAND, Patrik",SWE,7-5 6-1,ITF U18 Petit Camp Open,"ADAMEK, Makary",POL,ADAMEK,Makary,"Phoenix, Mauritius",21 Aug - 25 Aug 2017,Singles,Grade 4,Entry: DA,Hard,O,100216113,100230371
17.0,SF,L,"SANCHEZ VINAS, Pol",ESP,3-6 1-6,ITF U18 Petit Camp Open,"ADAMEK, Makary",POL,ADAMEK,Makary,"Phoenix, Mauritius",21 Aug - 25 Aug 2017,Singles,Grade 4,Entry: DA,Hard,O,100264314,100230371
18.0,32,L,"WILSON, Josh",GBR,4-6 1-6,Copernicus Bowl,"ADAMEK, Makary",POL,ADAMEK,Makary,"Warsaw, Poland",08 Aug - 12 Aug 2017,Singles,Grade 3,Entry: DA,Clay,O,100248351,100230371
19.0,32,W,"KUBIK, Kristian",CZE,6-3 6-1,ITF Véska 2017	,"ADAMEK, Makary",POL,ADAMEK,Makary,"Véska, Czech Republic",17 Jul - 23 Jul 2017,Singles,Grade 4,Entry: DA,Clay,O,100254341,100230371
19.0,16,L,"TAVILLA, Riccardo",ITA,2-3 RET,ITF Véska 2017	,"ADAMEK, Makary",POL,ADAMEK,Makary,"Véska, Czech Republic",17 Jul - 23 Jul 2017,Singles,Grade 4,Entry: DA,Clay,O,100282448,100230371
20.0,32,L,"PUSKAR, Samuel",SVK,4-6 6-7(3),Moravia Steel Sparta Cup 			,"ADAMEK, Makary",POL,ADAMEK,Makary,"Prague, Czech Republic",12 Jul - 16 Jul 2017,Singles,Grade 4,Entry: DA,Clay,O,100217135,100230371
21.0,32,W,"BERBERIAN, Karl",LBN,6-0 6-2,Damour Country Club,"ADAMEK, Makary",POL,ADAMEK,Makary,"Damour, Lebanon",23 May - 28 May 2017,Singles,Grade 5,Entry: DA,Clay,O,100283767,100230371
21.0,16,W,"CHERNOV, Maxim",CYP,6-0 6-2,Damour Country Club,"ADAMEK, Makary",POL,ADAMEK,Makary,"Damour, Lebanon",23 May - 28 May 2017,Singles,Grade 5,Entry: DA,Clay,O,100241767,100230371
21.0,QF,W,"PECAK, Stepan",CZE,6-4 7-5,Damour Country Club,"ADAMEK, Makary",POL,ADAMEK,Makary,"Damour, Lebanon",23 May - 28 May 2017,Singles,Grade 5,Entry: DA,Clay,O,100207013,100230371
21.0,SF,W,"ROUMPIS, Alexandros",GRE,3-6 6-4 6-1,Damour Country Club,"ADAMEK, Makary",POL,ADAMEK,Makary,"Damour, Lebanon",23 May - 28 May 2017,Singles,Grade 5,Entry: DA,Clay,O,100289834,100230371
21.0,FR,L,"MISDRAHIS, Leandros",GRE,6-4 4-6 0-6,Damour Country Club,"ADAMEK, Makary",POL,ADAMEK,Makary,"Damour, Lebanon",23 May - 28 May 2017,Singles,Grade 5,Entry: DA,Clay,O,100257039,100230371
22.0,32,W,"GEZER, Atakan",TUR,6-2 0-6 6-3,Enka ITF Junior Cup,"ADAMEK, Makary",POL,ADAMEK,Makary,"Istanbul, Turkey",08 May - 13 May 2017,Singles,Grade 4,Entry: DA,Hard,O,100178723,100230371
22.0,16,L,"KATUCH, Jakub",SVK,2-6 7-6(5) 3-6,Enka ITF Junior Cup,"ADAMEK, Makary",POL,ADAMEK,Makary,"Istanbul, Turkey",08 May - 13 May 2017,Singles,Grade 4,Entry: DA,Hard,O,100249698,100230371
23.0,32,W,"OMAR, Youssef",EGY,6-0 6-2,Egypt 2 ITF Junior Tournament - G4,"ADAMEK, Makary",POL,ADAMEK,Makary,"Cairo, Egypt",10 Apr - 14 Apr 2017,Singles,Grade 4,Entry: DA,Clay,O,100315730,100230371
23.0,16,L,"SERRET AGELET DE SARACIBAR, Alejandro",ESP,4-6 1-6,Egypt 2 ITF Junior Tournament - G4,"ADAMEK, Makary",POL,ADAMEK,Makary,"Cairo, Egypt",10 Apr - 14 Apr 2017,Singles,Grade 4,Entry: DA,Clay,O,100240476,100230371
24.0,64,W,"EREL , Muhammed Kaan",TUR,6-3 6-0,GD Tennis Cup,"ADAMEK, Makary",POL,ADAMEK,Makary,"Antalya, Turkey",27 Mar - 02 Apr 2017,Singles,Grade 4,Entry: DA,Hard,O,100244643,100230371
24.0,32,L,"BUZONICS, Dominik",HUN,3-6 6-3 3-3 RET,GD Tennis Cup,"ADAMEK, Makary",POL,ADAMEK,Makary,"Antalya, Turkey",27 Mar - 02 Apr 2017,Singles,Grade 4,Entry: DA,Hard,O,100255989,100230371
25.0,32,L,"HABIYAMBERE, Ernest",RWA,4-6 3-6,ITF East Africa Junior Circuit U18 KEN2,"ADAMEK, Makary",POL,ADAMEK,Makary,"Nairobi, Kenya",28 Nov - 03 Dec 2016,Singles,Grade 5,Entry: DA,Clay,O,100246902,100230371
26.0,32,L,"BOLLIPALLI, Rithvik Choudary",IND,3-6 0-6,"ITF East Africa Junior Circuit,18&amp;Under, KEN 1","ADAMEK, Makary",POL,ADAMEK,Makary,"Nairobi, Kenya, Kenya",21 Nov - 26 Nov 2016,Singles,Grade 5,Entry: DA,Clay,O,100278593,100230371
27.0,32,W,"ALMATAR, Saleh",KSA,6-1 6-1,10th Kuwait ITF Junior Tournament,"ADAMEK, Makary",POL,ADAMEK,Makary,"Hawalli, Kuwait",17 Oct - 22 Oct 2016,Singles,Grade 5,Entry: DA,Hard,O,100297818,100230371
27.0,16,W,"AHMED, Zyaan",GBR,6-0 6-0,10th Kuwait ITF Junior Tournament,"ADAMEK, Makary",POL,ADAMEK,Makary,"Hawalli, Kuwait",17 Oct - 22 Oct 2016,Singles,Grade 5,Entry: DA,Hard,O,100283507,100230371
27.0,QF,W,"LINGE, Christian",NOR,6-3 6-2,10th Kuwait ITF Junior Tournament,"ADAMEK, Makary",POL,ADAMEK,Makary,"Hawalli, Kuwait",17 Oct - 22 Oct 2016,Singles,Grade 5,Entry: DA,Hard,O,100181791,100230371
27.0,SF,W,"PENTOUSIS, Paris",GRE,6-4 6-1,10th Kuwait ITF Junior Tournament,"ADAMEK, Makary",POL,ADAMEK,Makary,"Hawalli, Kuwait",17 Oct - 22 Oct 2016,Singles,Grade 5,Entry: DA,Hard,O,100252913,100230371
27.0,FR,L,"RINGDAL NOERSTENAES, Karl Adrian",NOR,4-6 6-4 3-6,10th Kuwait ITF Junior Tournament,"ADAMEK, Makary",POL,ADAMEK,Makary,"Hawalli, Kuwait",17 Oct - 22 Oct 2016,Singles,Grade 5,Entry: DA,Hard,O,100229854,100230371
28.0,32,W,"ABOU TALEB, Belal",EGY,6-0 7-6(4),9th Kuwait ITF Junior Tournament,"ADAMEK, Makary",POL,ADAMEK,Makary,"Hawalli, Kuwait",10 Oct - 15 Oct 2016,Singles,Grade 5,Entry: DA,Hard,O,100299255,100230371
28.0,16,W,"LINGE, Christian",NOR,6-1 6-4,9th Kuwait ITF Junior Tournament,"ADAMEK, Makary",POL,ADAMEK,Makary,"Hawalli, Kuwait",10 Oct - 15 Oct 2016,Singles,Grade 5,Entry: DA,Hard,O,100181791,100230371
28.0,QF,W,"ALBAYOUK, Abdulaziz",KSA,6-2 6-3,9th Kuwait ITF Junior Tournament,"ADAMEK, Makary",POL,ADAMEK,Makary,"Hawalli, Kuwait",10 Oct - 15 Oct 2016,Singles,Grade 5,Entry: DA,Hard,O,100197280,100230371
28.0,SF,L,"HALLAK, Tamim",LBN,6-4 3-6 0-6,9th Kuwait ITF Junior Tournament,"ADAMEK, Makary",POL,ADAMEK,Makary,"Hawalli, Kuwait",10 Oct - 15 Oct 2016,Singles,Grade 5,Entry: DA,Hard,O,100243192,100230371
29.0,Q1,W,"HASSANZADEH, Danial",IRI,6-0 6-0,25th Iran Junior Tournament,"ADAMEK, Makary",POL,ADAMEK,Makary,"Tehran, Iran",03 Oct - 08 Oct 2016,Singles,Grade 5,Entry: DA,Clay,O,100339347,100230371
29.0,Q2,W,"KATIBEH, Mohammad",IRI,6-0 6-1,25th Iran Junior Tournament,"ADAMEK, Makary",POL,ADAMEK,Makary,"Tehran, Iran",03 Oct - 08 Oct 2016,Singles,Grade 5,Entry: DA,Clay,O,100288470,100230371
29.0,Q3,W,"SHEYKHI, Mahziyar",IRI,6-1 6-0,25th Iran Junior Tournament,"ADAMEK, Makary",POL,ADAMEK,Makary,"Tehran, Iran",03 Oct - 08 Oct 2016,Singles,Grade 5,Entry: DA,Clay,O,100314939,100230371
29.0,32,W,"DAVOODI, Benyamin",IRI,6-1 6-2,25th Iran Junior Tournament,"ADAMEK, Makary",POL,ADAMEK,Makary,"Tehran, Iran",03 Oct - 08 Oct 2016,Singles,Grade 5,Entry: DA,Clay,O,100318727,100230371
29.0,16,L,"KARGARANOROOCHI, Mohammad",IRI,1-6 2-6,25th Iran Junior Tournament,"ADAMEK, Makary",POL,ADAMEK,Makary,"Tehran, Iran",03 Oct - 08 Oct 2016,Singles,Grade 5,Entry: DA,Clay,O,100283890,100230371
30.0,32,W,"LAGO, Alex Cyrille",CIV,4-6 6-1 6-3,Circuit ITF des 18 ans et moins de l'Afrique de l'Ouest et du Centre,"ADAMEK, Makary",POL,ADAMEK,Makary,"Benin, Benin",06 Sep - 11 Sep 2016,Singles,Grade 4,Entry: DA,Hard,O,100274064,100230371
30.0,16,L,"N'TCHA, Delmas",BEN,4-6 4-6,Circuit ITF des 18 ans et moins de l'Afrique de l'Ouest et du Centre,"ADAMEK, Makary",POL,ADAMEK,Makary,"Benin, Benin",06 Sep - 11 Sep 2016,Singles,Grade 4,Entry: DA,Hard,O,100265866,100230371
1.0,32,W,"GORBATENKO, Vladislav",RUS,6-1 6-4,Siauliai Mayor's Cup 2018,"MANDMA, Alexander Georg",EST,MANDMA,Alexander Georg,"Siauliai, Lithuania",27 Aug - 01 Sep 2018,Singles,Grade 5,Entry: DA,Clay,O,100265651,100228409
1.0,16,W,"BICKAUSKIS, Ugnius",LTU,6-1 6-3,Siauliai Mayor's Cup 2018,"MANDMA, Alexander Georg",EST,MANDMA,Alexander Georg,"Siauliai, Lithuania",27 Aug - 01 Sep 2018,Singles,Grade 5,Entry: DA,Clay,O,100259609,100228409
1.0,QF,W,"ADOMAVICIUS, Julius",LTU,6-1 6-1,Siauliai Mayor's Cup 2018,"MANDMA, Alexander Georg",EST,MANDMA,Alexander Georg,"Siauliai, Lithuania",27 Aug - 01 Sep 2018,Singles,Grade 5,Entry: DA,Clay,O,100200862,100228409
1.0,SF,L,"KURMAEV, Marsel",RUS,1-6 3-6,Siauliai Mayor's Cup 2018,"MANDMA, Alexander Georg",EST,MANDMA,Alexander Georg,"Siauliai, Lithuania",27 Aug - 01 Sep 2018,Singles,Grade 5,Entry: DA,Clay,O,100294902,100228409
2.0,32,L,"CHEN, Derrick",GBR,2-6 3-6,Riga Open - Inspired by Tennis,"MANDMA, Alexander Georg",EST,MANDMA,Alexander Georg,"Riga, Latvia",21 Aug - 25 Aug 2018,Singles,Grade 4,Entry: DA,Clay,O,100279807,100228409
3.0,32,W,"KRIVENYSHEV, Egor",RUS,6-1 6-0,Governor Cup,"MANDMA, Alexander Georg",EST,MANDMA,Alexander Georg,"St Petersburg, Russia",23 Jul - 28 Jul 2018,Singles,Grade 4,Entry: DA,Clay,O,100385239,100228409
3.0,16,W,"TASENKOV, Vladislav",RUS,6-0 6-1,Governor Cup,"MANDMA, Alexander Georg",EST,MANDMA,Alexander Georg,"St Petersburg, Russia",23 Jul - 28 Jul 2018,Singles,Grade 4,Entry: DA,Clay,O,100262545,100228409
3.0,QF,W,"SPASIBO, Danil",RUS,6-2 6-3,Governor Cup,"MANDMA, Alexander Georg",EST,MANDMA,Alexander Georg,"St Petersburg, Russia",23 Jul - 28 Jul 2018,Singles,Grade 4,Entry: DA,Clay,O,100239714,100228409
3.0,SF,L,"KASHIRIN, Nikita",RUS,1-6 6-3 3-6,Governor Cup,"MANDMA, Alexander Georg",EST,MANDMA,Alexander Georg,"St Petersburg, Russia",23 Jul - 28 Jul 2018,Singles,Grade 4,Entry: DA,Clay,O,100257118,100228409
4.0,32,L,"RAPTIS , Konstantinos",GRE,6-3 3-6 2-6,Preveza Cup,"MANDMA, Alexander Georg",EST,MANDMA,Alexander Georg,"Preveza, Greece",26 Jun - 01 Jul 2018,Singles,Grade 4,Entry: DA,Hard,O,100277228,100228409
5.0,32,L,"LORENS , Mikolaj",POL,4-6 6-1 5-7,Estonian Junior Open,"MANDMA, Alexander Georg",EST,MANDMA,Alexander Georg,"Tallinn, Estonia",21 May - 26 May 2018,Singles,Grade 4,Entry: DA,Clay,O,100234469,100228409
6.0,32,W,"VAN NIEUWENHOVE, Alexander",BEL,6-1 6-0,Ventspils Open by Babolat,"MANDMA, Alexander Georg",EST,MANDMA,Alexander Georg,"Ventspils, Latvia",14 May - 19 May 2018,Singles,Grade 4,Entry: DA,Hard,O,100263270,100228409
6.0,16,W,"PUKSHE, Teodors",LAT,1-6 7-5 6-2,Ventspils Open by Babolat,"MANDMA, Alexander Georg",EST,MANDMA,Alexander Georg,"Ventspils, Latvia",14 May - 19 May 2018,Singles,Grade 4,Entry: DA,Hard,O,100186074,100228409
6.0,QF,L,"GREVELIUS, Erik",SWE,6-7(0) 0-6,Ventspils Open by Babolat,"MANDMA, Alexander Georg",EST,MANDMA,Alexander Georg,"Ventspils, Latvia",14 May - 19 May 2018,Singles,Grade 4,Entry: DA,Hard,O,100200121,100228409
7.0,64,L,"ZUCKERMAN, Alex",GBR,2-6 6-3 3-6,Nottingham Junior International (Week 1),"MANDMA, Alexander Georg",EST,MANDMA,Alexander Georg,"Nottingham, Great Britain",17 Apr - 22 Apr 2018,Singles,Grade 4,Entry: DA,Hard,O,100260366,100228409
8.0,32,W,"ANDREJIC, Marko",AUT,6-1 6-4,Jurmala Open,"MANDMA, Alexander Georg",EST,MANDMA,Alexander Georg,"Jurmala, Latvia",26 Mar - 30 Mar 2018,Singles,Grade 5,Entry: DA,Hard,I,100285553,100228409
8.0,16,L,"YEREMENKO, Dmytro",UKR,W/O,Jurmala Open,"MANDMA, Alexander Georg",EST,MANDMA,Alexander Georg,"Jurmala, Latvia",26 Mar - 30 Mar 2018,Singles,Grade 5,Entry: DA,Hard,I,100206603,100228409
9.0,32,W,"STAVROVSKY, Petr",RUS,4-6 7-6(1) 7-5,Adazi Open,"MANDMA, Alexander Georg",EST,MANDMA,Alexander Georg,"Adazi, Latvia",19 Mar - 23 Mar 2018,Singles,Grade 5,Entry: DA,Hard,I,100204884,100228409
9.0,16,W,"JARICEVSKIS, Roberts",LAT,7-5 6-2,Adazi Open,"MANDMA, Alexander Georg",EST,MANDMA,Alexander Georg,"Adazi, Latvia",19 Mar - 23 Mar 2018,Singles,Grade 5,Entry: DA,Hard,I,100231014,100228409
9.0,QF,W,"VASILIAUSKAS, Matas",LTU,6-4 2-6 6-3,Adazi Open,"MANDMA, Alexander Georg",EST,MANDMA,Alexander Georg,"Adazi, Latvia",19 Mar - 23 Mar 2018,Singles,Grade 5,Entry: DA,Hard,I,100252758,100228409
9.0,SF,L,"BELOBORODKO, Illya",UKR,4-6 4-6,Adazi Open,"MANDMA, Alexander Georg",EST,MANDMA,Alexander Georg,"Adazi, Latvia",19 Mar - 23 Mar 2018,Singles,Grade 5,Entry: DA,Hard,I,100252577,100228409
10.0,32,W,"HERMAN, Benedek",HUN,6-4 6-4,Tartu ITF Juniors,"MANDMA, Alexander Georg",EST,MANDMA,Alexander Georg,"Tartu, Estonia",26 Feb - 03 Mar 2018,Singles,Grade 5,Entry: DA,Carpet,I,100237211,100228409
10.0,16,W,"GIRAULT , Arthur",FRA,6-1 6-2,Tartu ITF Juniors,"MANDMA, Alexander Georg",EST,MANDMA,Alexander Georg,"Tartu, Estonia",26 Feb - 03 Mar 2018,Singles,Grade 5,Entry: DA,Carpet,I,100325691,100228409
10.0,QF,L,"MALGAROLI, Leonardo",ITA,4-6 3-6,Tartu ITF Juniors,"MANDMA, Alexander Georg",EST,MANDMA,Alexander Georg,"Tartu, Estonia",26 Feb - 03 Mar 2018,Singles,Grade 5,Entry: DA,Carpet,I,100329850,100228409
11.0,32,W,"LOFMAN, Aleksi",FIN,6-7(4) 6-2 6-4,ALK Open 2018,"MANDMA, Alexander Georg",EST,MANDMA,Alexander Georg,"Kaarina, Finland",21 Feb - 25 Feb 2018,Singles,Grade 4,Entry: DA,Hard,I,100245613,100228409
11.0,16,L,"GILL , Felix",GBR,6-1 3-6 3-6,ALK Open 2018,"MANDMA, Alexander Georg",EST,MANDMA,Alexander Georg,"Kaarina, Finland",21 Feb - 25 Feb 2018,Singles,Grade 4,Entry: DA,Hard,I,100306827,100228409
12.0,32,W,"FRANKOWSKI, Tomasz",POL,6-2 7-5,Magnolia Cup 2018,"MANDMA, Alexander Georg",EST,MANDMA,Alexander Georg,"Szczecin, Poland",23 Jan - 28 Jan 2018,Singles,Grade 4,Entry: DA,Hard,I,100280333,100228409
12.0,16,L,"TACZALA, Dawid",POL,2-6 3-6,Magnolia Cup 2018,"MANDMA, Alexander Georg",EST,MANDMA,Alexander Georg,"Szczecin, Poland",23 Jan - 28 Jan 2018,Singles,Grade 4,Entry: DA,Hard,I,100252405,100228409
13.0,32,W,"BOJARSKI, Alan",POL,6-0 6-1,Warsaw Cup 2018,"MANDMA, Alexander Georg",EST,MANDMA,Alexander Georg,"Warsaw, Poland",17 Jan - 21 Jan 2018,Singles,Grade 5,Entry: DA,Hard,I,100274371,100228409
13.0,16,L,"WAJDEMAJER, Jan",POL,5-7 6-2 4-6,Warsaw Cup 2018,"MANDMA, Alexander Georg",EST,MANDMA,Alexander Georg,"Warsaw, Poland",17 Jan - 21 Jan 2018,Singles,Grade 5,Entry: DA,Hard,I,100297906,100228409
14.0,32,W,"AKSENOKS, Rudolfs",LAT,6-3 6-2,TATS Open 2017,"MANDMA, Alexander Georg",EST,MANDMA,Alexander Georg,"Tampere, Finland",31 Oct - 04 Nov 2017,Singles,Grade 4,Entry: WC,Hard,I,100237875,100228409
14.0,16,L,"WENDELKEN, Harry",GBR,4-6 4-6,TATS Open 2017,"MANDMA, Alexander Georg",EST,MANDMA,Alexander Georg,"Tampere, Finland",31 Oct - 04 Nov 2017,Singles,Grade 4,Entry: WC,Hard,I,100249038,100228409
15.0,32,L,"RIKKONEN, Roni",FIN,1-6 2-6,Vierumäki Dunlop Junior Cup,"MANDMA, Alexander Georg",EST,MANDMA,Alexander Georg,"Vierumäki, Finland",25 Oct - 29 Oct 2017,Singles,Grade 4,Entry: WC,Hard,I,100226194,100228409
16.0,32,W,"KHOROZOV, Maxim",BUL,6-1 4-6 6-3,Santa Marina Junior Cup,"MANDMA, Alexander Georg",EST,MANDMA,Alexander Georg,"Sozopol, Bulgaria",26 Sep - 30 Sep 2017,Singles,Grade 5,Entry: DA,Hard,O,100263646,100228409
16.0,16,L,"PENEV, Plamen",BUL,4-6 4-6,Santa Marina Junior Cup,"MANDMA, Alexander Georg",EST,MANDMA,Alexander Georg,"Sozopol, Bulgaria",26 Sep - 30 Sep 2017,Singles,Grade 5,Entry: DA,Hard,O,100281506,100228409
17.0,32,L,"SKINDZER, Zhan",BLR,6-4 4-6 0-6,Venden Cup Liepaja 2017,"MANDMA, Alexander Georg",EST,MANDMA,Alexander Georg,"Liepaja, Latvia",04 Sep - 08 Sep 2017,Singles,Grade 5,Entry: DA,Clay,O,100200820,100228409
18.0,Q1,W,"STREIMIKIS, Tadas",LTU,6-2 3-6 6-1,Riga Open - celebrating the 20th Anniversary,"MANDMA, Alexander Georg",EST,MANDMA,Alexander Georg,"Riga, Latvia",22 Aug - 26 Aug 2017,Singles,Grade 4,Entry: DA,Clay,O,100229620,100228409
18.0,Q2,W,"CAPKEVICS, Valters",LAT,6-3 6-1,Riga Open - celebrating the 20th Anniversary,"MANDMA, Alexander Georg",EST,MANDMA,Alexander Georg,"Riga, Latvia",22 Aug - 26 Aug 2017,Singles,Grade 4,Entry: DA,Clay,O,100196480,100228409
18.0,Q3,W,"CIPKUS, Ignas",LTU,6-1 6-0,Riga Open - celebrating the 20th Anniversary,"MANDMA, Alexander Georg",EST,MANDMA,Alexander Georg,"Riga, Latvia",22 Aug - 26 Aug 2017,Singles,Grade 4,Entry: DA,Clay,O,100231104,100228409
18.0,32,L,"SKINDZER, Zhan",BLR,6-3 2-6 5-7,Riga Open - celebrating the 20th Anniversary,"MANDMA, Alexander Georg",EST,MANDMA,Alexander Georg,"Riga, Latvia",22 Aug - 26 Aug 2017,Singles,Grade 4,Entry: DA,Clay,O,100200820,100228409
19.0,32,L,"BARDZIN, Artsiom",BLR,0-6 3-6,Babolat Cup 2017,"MANDMA, Alexander Georg",EST,MANDMA,Alexander Georg,"Kyiv region, Svyatopetrovske village, Ukraine",27 Jun - 02 Jul 2017,Singles,Grade 5,Entry: DA,Hard,O,100203223,100228409
20.0,Q1,W,"MALGIARITTA, Maurus",SUI,6-0 6-0,Malta ITF U18 World Ranking Tournament			,"MANDMA, Alexander Georg",EST,MANDMA,Alexander Georg,"Marsa, Malta",03 Apr - 08 Apr 2017,Singles,Grade 4,Entry: DA,Hard,O,100225556,100228409
20.0,Q2,W,"QUAYLE, David",GBR,6-1 5-7 6-2,Malta ITF U18 World Ranking Tournament			,"MANDMA, Alexander Georg",EST,MANDMA,Alexander Georg,"Marsa, Malta",03 Apr - 08 Apr 2017,Singles,Grade 4,Entry: DA,Hard,O,100294622,100228409
20.0,64,W,"ELIZAROV, Volodymyr",UKR,6-4 6-0,Malta ITF U18 World Ranking Tournament			,"MANDMA, Alexander Georg",EST,MANDMA,Alexander Georg,"Marsa, Malta",03 Apr - 08 Apr 2017,Singles,Grade 4,Entry: DA,Hard,O,100229679,100228409
20.0,32,W,"MALKOWSKI, Jean Marc",SUI,6-4 7-5,Malta ITF U18 World Ranking Tournament			,"MANDMA, Alexander Georg",EST,MANDMA,Alexander Georg,"Marsa, Malta",03 Apr - 08 Apr 2017,Singles,Grade 4,Entry: DA,Hard,O,100249904,100228409
20.0,16,L,"FEARNLEY, Jacob",GBR,4-6 2-6,Malta ITF U18 World Ranking Tournament			,"MANDMA, Alexander Georg",EST,MANDMA,Alexander Georg,"Marsa, Malta",03 Apr - 08 Apr 2017,Singles,Grade 4,Entry: DA,Hard,O,100248589,100228409
21.0,Q1,W,"CANKUS, Umit Ege",TUR,6-4 6-2,GD Tennis Cup,"MANDMA, Alexander Georg",EST,MANDMA,Alexander Georg,"Antalya, Turkey",27 Mar - 02 Apr 2017,Singles,Grade 4,Entry: DA,Hard,O,100227066,100228409
21.0,Q2,W,"FEDOROV, Danyil",UKR,1-6 6-3 6-3,GD Tennis Cup,"MANDMA, Alexander Georg",EST,MANDMA,Alexander Georg,"Antalya, Turkey",27 Mar - 02 Apr 2017,Singles,Grade 4,Entry: DA,Hard,O,100234988,100228409
21.0,Q3,W,"NIKOLOV, Nikolay",BUL,6-2 6-1,GD Tennis Cup,"MANDMA, Alexander Georg",EST,MANDMA,Alexander Georg,"Antalya, Turkey",27 Mar - 02 Apr 2017,Singles,Grade 4,Entry: DA,Hard,O,100233461,100228409
21.0,64,L,"COSKUN , Berke Eser",TUR,1-6 2-6,GD Tennis Cup,"MANDMA, Alexander Georg",EST,MANDMA,Alexander Georg,"Antalya, Turkey",27 Mar - 02 Apr 2017,Singles,Grade 4,Entry: DA,Hard,O,100184861,100228409
22.0,32,L,"GRINVALDS, Roberts",LAT,6-7(6) 1-6,Estonian Junior Open,"MANDMA, Alexander Georg",EST,MANDMA,Alexander Georg,"Tallinn, Estonia",24 May - 28 May 2016,Singles,Grade 4,Entry: WC,Clay,O,100182467,100228409
1.0,32,W,"AZKARA, Arda",TUR,6-1 6-3,ITF Telavi Cup 2018,"YULIK, Viacheslav",RUS,YULIK,Viacheslav,"Telavi, Georgia",03 Jul - 08 Jul 2018,Singles,Grade 5,Entry: DA,Clay,O,100257366,100189006
1.0,16,W,"CHUEV, Nikita",RUS,6-3 6-2,ITF Telavi Cup 2018,"YULIK, Viacheslav",RUS,YULIK,Viacheslav,"Telavi, Georgia",03 Jul - 08 Jul 2018,Singles,Grade 5,Entry: DA,Clay,O,100222089,100189006
1.0,QF,L,"NASKIDASHVILI, Nikita",RUS,6-7(2) 2-6,ITF Telavi Cup 2018,"YULIK, Viacheslav",RUS,YULIK,Viacheslav,"Telavi, Georgia",03 Jul - 08 Jul 2018,Singles,Grade 5,Entry: DA,Clay,O,100230883,100189006
3.0,32,W,"JERMAR, Jan",CZE,6-4 6-4,"ITF Junior G3 ""Ust-Kamenogorsk""","YULIK, Viacheslav",RUS,YULIK,Viacheslav,"Ust-Kamenogorsk, Kazakhstan",06 Nov - 11 Nov 2017,Singles,Grade 3,Entry: DA,Carpet,I,100191385,100189006
3.0,16,W,"TASHBULATOV, Dostanbek",KAZ,3-6 6-4 6-2,"ITF Junior G3 ""Ust-Kamenogorsk""","YULIK, Viacheslav",RUS,YULIK,Viacheslav,"Ust-Kamenogorsk, Kazakhstan",06 Nov - 11 Nov 2017,Singles,Grade 3,Entry: DA,Carpet,I,100236263,100189006
3.0,QF,W,"IBRAGIMOV, Rail",RUS,3-6 6-3 6-2,"ITF Junior G3 ""Ust-Kamenogorsk""","YULIK, Viacheslav",RUS,YULIK,Viacheslav,"Ust-Kamenogorsk, Kazakhstan",06 Nov - 11 Nov 2017,Singles,Grade 3,Entry: DA,Carpet,I,100217455,100189006
3.0,SF,W,"NARBEKOV, Sultan",KAZ,6-2 6-4,"ITF Junior G3 ""Ust-Kamenogorsk""","YULIK, Viacheslav",RUS,YULIK,Viacheslav,"Ust-Kamenogorsk, Kazakhstan",06 Nov - 11 Nov 2017,Singles,Grade 3,Entry: DA,Carpet,I,100253753,100189006
3.0,FR,W,"ZHUKAYEV, Beibit",KAZ,6-2 6-2,"ITF Junior G3 ""Ust-Kamenogorsk""","YULIK, Viacheslav",RUS,YULIK,Viacheslav,"Ust-Kamenogorsk, Kazakhstan",06 Nov - 11 Nov 2017,Singles,Grade 3,Entry: DA,Carpet,I,100253871,100189006
4.0,32,L,"BINDA, Alexandr",RUS,4-6 3-6,Siberian Open,"YULIK, Viacheslav",RUS,YULIK,Viacheslav,"Novokuznetsk, Russia",30 Oct - 04 Nov 2017,Singles,Grade 3,Entry: DA,Hard,I,100237206,100189006
5.0,32,W,"PURTSELADZE, Saba",GEO,6-2 6-3,ITF Alex Metreveli Cup,"YULIK, Viacheslav",RUS,YULIK,Viacheslav,"Telavi, Georgia",27 Jun - 02 Jul 2017,Singles,Grade 5,Entry: DA,Clay,O,100231500,100189006
5.0,16,W,"KIKVIDZE, Lasha Giorgi",GEO,6-0 7-5,ITF Alex Metreveli Cup,"YULIK, Viacheslav",RUS,YULIK,Viacheslav,"Telavi, Georgia",27 Jun - 02 Jul 2017,Singles,Grade 5,Entry: DA,Clay,O,100271259,100189006
5.0,QF,W,"SHUBLADZE, Vazha",GEO,1-6 6-0 6-3,ITF Alex Metreveli Cup,"YULIK, Viacheslav",RUS,YULIK,Viacheslav,"Telavi, Georgia",27 Jun - 02 Jul 2017,Singles,Grade 5,Entry: DA,Clay,O,100235884,100189006
5.0,SF,L,"BOTTINO, Edoardo",ITA,6-0 3-6 4-6,ITF Alex Metreveli Cup,"YULIK, Viacheslav",RUS,YULIK,Viacheslav,"Telavi, Georgia",27 Jun - 02 Jul 2017,Singles,Grade 5,Entry: DA,Clay,O,100263004,100189006
6.0,32,W,"ASATIANI, David",GEO,6-1 6-0,ITF Mziuri Cup 2017,"YULIK, Viacheslav",RUS,YULIK,Viacheslav,"Tblisi, Georgia",29 May - 03 Jun 2017,Singles,Grade 5,Entry: DA,Hard,O,100322742,100189006
6.0,16,W,"MONCLUS MATAMALA, Marc",ESP,6-1 6-4,ITF Mziuri Cup 2017,"YULIK, Viacheslav",RUS,YULIK,Viacheslav,"Tblisi, Georgia",29 May - 03 Jun 2017,Singles,Grade 5,Entry: DA,Hard,O,100232212,100189006
6.0,QF,L,"OMARKHANOV, Malik",KAZ,6-7(3) 3-6,ITF Mziuri Cup 2017,"YULIK, Viacheslav",RUS,YULIK,Viacheslav,"Tblisi, Georgia",29 May - 03 Jun 2017,Singles,Grade 5,Entry: DA,Hard,O,100253764,100189006
7.0,32,L,"ADOCHITEI PANDELEA, Eric Tudor",ROU,3-6 5-7,ITF Tbilisi Cup 2017,"YULIK, Viacheslav",RUS,YULIK,Viacheslav,"Tblisi, Georgia",22 May - 27 May 2017,Singles,Grade 5,Entry: DA,Hard,O,100215839,100189006
8.0,64,W,"ABAZOV, Alexey",RUS,6-4 6-4,Ozerov Cup,"YULIK, Viacheslav",RUS,YULIK,Viacheslav,"Ryazan, Russia",01 May - 06 May 2017,Singles,Grade 2,Entry: DA,Clay,O,100228646,100189006
8.0,32,W,"MUGTASIMOV, Ruslan",RUS,7-5 6-1,Ozerov Cup,"YULIK, Viacheslav",RUS,YULIK,Viacheslav,"Ryazan, Russia",01 May - 06 May 2017,Singles,Grade 2,Entry: DA,Clay,O,100257158,100189006
8.0,16,L,"SOKOLOVSKIY, Mikhail",RUS,4-6 4-6,Ozerov Cup,"YULIK, Viacheslav",RUS,YULIK,Viacheslav,"Ryazan, Russia",01 May - 06 May 2017,Singles,Grade 2,Entry: DA,Clay,O,100173703,100189006
9.0,Q2,W,"DONTU, Vasilii",MDA,7-6(5) 6-2,Moldova Open,"YULIK, Viacheslav",RUS,YULIK,Viacheslav,"Chisinau, Moldova",06 Feb - 12 Feb 2017,Singles,Grade 2,Entry: DA,Hard,I,100188530,100189006
9.0,Q3,L,"GLINKA, Daniil",EST,2-6 4-6,Moldova Open,"YULIK, Viacheslav",RUS,YULIK,Viacheslav,"Chisinau, Moldova",06 Feb - 12 Feb 2017,Singles,Grade 2,Entry: DA,Hard,I,100203909,100189006
9.0,32,L,"BOITAN, Gabi Adrian",ROU,0-6 6-7(0),Moldova Open,"YULIK, Viacheslav",RUS,YULIK,Viacheslav,"Chisinau, Moldova",06 Feb - 12 Feb 2017,Singles,Grade 2,Entry: DA,Hard,I,100203908,100189006
10.0,32,W,"GORGUN, Omer Berk",TUR,6-4 6-3,BelGlobal Cup,"YULIK, Viacheslav",RUS,YULIK,Viacheslav,"Minsk, Belarus",28 Nov - 03 Dec 2016,Singles,Grade 5,Entry: DA,Hard,I,100205722,100189006
10.0,16,W,"BARDZIN, Artsiom",BLR,6-2 7-6(2),BelGlobal Cup,"YULIK, Viacheslav",RUS,YULIK,Viacheslav,"Minsk, Belarus",28 Nov - 03 Dec 2016,Singles,Grade 5,Entry: DA,Hard,I,100203223,100189006
10.0,QF,W,"PALAN, Dominik",CZE,7-5 1-0 RET,BelGlobal Cup,"YULIK, Viacheslav",RUS,YULIK,Viacheslav,"Minsk, Belarus",28 Nov - 03 Dec 2016,Singles,Grade 5,Entry: DA,Hard,I,100204526,100189006
10.0,SF,W,"BOLOTOV, Sergey",RUS,6-0 6-1,BelGlobal Cup,"YULIK, Viacheslav",RUS,YULIK,Viacheslav,"Minsk, Belarus",28 Nov - 03 Dec 2016,Singles,Grade 5,Entry: DA,Hard,I,100231001,100189006
10.0,FR,L,"BINDA, Alexandr",RUS,6-3 3-6 4-6,BelGlobal Cup,"YULIK, Viacheslav",RUS,YULIK,Viacheslav,"Minsk, Belarus",28 Nov - 03 Dec 2016,Singles,Grade 5,Entry: DA,Hard,I,100237206,100189006
11.0,32,W,"BEZBORODOV, Dmitry",KAZ,6-3 6-1,"ITF Junior G 5 ""Uralsk Open""","YULIK, Viacheslav",RUS,YULIK,Viacheslav,"Astana, Kazakhstan",14 Nov - 19 Nov 2016,Singles,Grade 5,Entry: DA,Hard,I,100253631,100189006
11.0,16,W,"USIPBEKOV, Bekzat",KAZ,6-4 6-7(4) 6-2,"ITF Junior G 5 ""Uralsk Open""","YULIK, Viacheslav",RUS,YULIK,Viacheslav,"Astana, Kazakhstan",14 Nov - 19 Nov 2016,Singles,Grade 5,Entry: DA,Hard,I,100256681,100189006
11.0,QF,W,"TRYAKSHIN, Mark",UZB,6-2 6-1,"ITF Junior G 5 ""Uralsk Open""","YULIK, Viacheslav",RUS,YULIK,Viacheslav,"Astana, Kazakhstan",14 Nov - 19 Nov 2016,Singles,Grade 5,Entry: DA,Hard,I,100237204,100189006
11.0,SF,W,"PAK, Rodion",KAZ,6-4 6-1,"ITF Junior G 5 ""Uralsk Open""","YULIK, Viacheslav",RUS,YULIK,Viacheslav,"Astana, Kazakhstan",14 Nov - 19 Nov 2016,Singles,Grade 5,Entry: DA,Hard,I,100238297,100189006
11.0,FR,W,"OMARKHANOV, Malik",KAZ,6-0 2-6 7-6(6),"ITF Junior G 5 ""Uralsk Open""","YULIK, Viacheslav",RUS,YULIK,Viacheslav,"Astana, Kazakhstan",14 Nov - 19 Nov 2016,Singles,Grade 5,Entry: DA,Hard,I,100253764,100189006
12.0,32,L,"BLOKHIN , Roman",RUS,4-6 6-7(3),TSZ Cup,"YULIK, Viacheslav",RUS,YULIK,Viacheslav,"Togliatti, Russia",05 Sep - 09 Sep 2016,Singles,Grade 4,Entry: DA,Hard,O,100170523,100189006
13.0,32,W,"FILICHEV, Ilya",RUS,6-1 6-1,Samara Cup,"YULIK, Viacheslav",RUS,YULIK,Viacheslav,"Moscow, Russia",29 Aug - 02 Sep 2016,Singles,Grade 4,Entry: DA,Hard,O,100203313,100189006
13.0,16,W,"CHUEV, Nikita",RUS,7-5 6-0,Samara Cup,"YULIK, Viacheslav",RUS,YULIK,Viacheslav,"Moscow, Russia",29 Aug - 02 Sep 2016,Singles,Grade 4,Entry: DA,Hard,O,100222089,100189006
13.0,QF,L,"BOLOTOV, Sergey",RUS,3-6 2-6,Samara Cup,"YULIK, Viacheslav",RUS,YULIK,Viacheslav,"Moscow, Russia",29 Aug - 02 Sep 2016,Singles,Grade 4,Entry: DA,Hard,O,100231001,100189006
14.0,32,L,"SOARES, Tomas",POR,7-6(5) 1-6 RET,President Cup,"YULIK, Viacheslav",RUS,YULIK,Viacheslav,"Yerevan, Armenia",18 Jul - 24 Jul 2016,Singles,Grade 5,Entry: DA,Clay,O,100230554,100189006
15.0,32,W,"VIANELLO, Michele",ITA,6-1 6-0,Incourt Cup,"YULIK, Viacheslav",RUS,YULIK,Viacheslav,"Yerevan, Armenia",11 Jul - 17 Jul 2016,Singles,Grade 5,Entry: DA,Clay,O,100225172,100189006
15.0,16,W,"DANIEL, Oz",ISR,4-6 7-6(1) 6-3,Incourt Cup,"YULIK, Viacheslav",RUS,YULIK,Viacheslav,"Yerevan, Armenia",11 Jul - 17 Jul 2016,Singles,Grade 5,Entry: DA,Clay,O,100204755,100189006
15.0,QF,W,"SOARES, Tomas",POR,6-2 3-6 6-3,Incourt Cup,"YULIK, Viacheslav",RUS,YULIK,Viacheslav,"Yerevan, Armenia",11 Jul - 17 Jul 2016,Singles,Grade 5,Entry: DA,Clay,O,100230554,100189006
15.0,SF,W,"FURLANETTO, Marco",ITA,6-3 4-6 6-4,Incourt Cup,"YULIK, Viacheslav",RUS,YULIK,Viacheslav,"Yerevan, Armenia",11 Jul - 17 Jul 2016,Singles,Grade 5,Entry: DA,Clay,O,100198882,100189006
15.0,FR,L,"POLUKHIN, Savva",RUS,4-6 2-6,Incourt Cup,"YULIK, Viacheslav",RUS,YULIK,Viacheslav,"Yerevan, Armenia",11 Jul - 17 Jul 2016,Singles,Grade 5,Entry: DA,Clay,O,100175191,100189006
16.0,32,W,"GORGUN, Omer Berk",TUR,6-2 6-3,Alex Metreveli Cup,"YULIK, Viacheslav",RUS,YULIK,Viacheslav,"Telavi, Georgia",28 Jun - 03 Jul 2016,Singles,Grade 5,Entry: DA,Clay,O,100205722,100189006
16.0,16,W,"GINAT, Roi",ISR,6-4 6-3,Alex Metreveli Cup,"YULIK, Viacheslav",RUS,YULIK,Viacheslav,"Telavi, Georgia",28 Jun - 03 Jul 2016,Singles,Grade 5,Entry: DA,Clay,O,100255287,100189006
16.0,QF,W,"STEINHAUSER, Robert",CZE,6-2 6-3,Alex Metreveli Cup,"YULIK, Viacheslav",RUS,YULIK,Viacheslav,"Telavi, Georgia",28 Jun - 03 Jul 2016,Singles,Grade 5,Entry: DA,Clay,O,100242190,100189006
16.0,SF,L,"BOSIO, Gabriele",ITA,6-4 3-6 4-6,Alex Metreveli Cup,"YULIK, Viacheslav",RUS,YULIK,Viacheslav,"Telavi, Georgia",28 Jun - 03 Jul 2016,Singles,Grade 5,Entry: DA,Clay,O,100206630,100189006
17.0,Q2,W,"LEKSAKOV, Andrey",RUS,6-3 6-1,Ozerov Cup,"YULIK, Viacheslav",RUS,YULIK,Viacheslav,"Ryazan, Russia",09 May - 15 May 2016,Singles,Grade 2,Entry: DA,Clay,O,100249374,100189006
17.0,Q3,W,"FILICHEV, Ilya",RUS,6-1 6-2,Ozerov Cup,"YULIK, Viacheslav",RUS,YULIK,Viacheslav,"Ryazan, Russia",09 May - 15 May 2016,Singles,Grade 2,Entry: DA,Clay,O,100203313,100189006
17.0,64,W,"BESEDNIKOV, Oleg",RUS,6-2 6-1,Ozerov Cup,"YULIK, Viacheslav",RUS,YULIK,Viacheslav,"Ryazan, Russia",09 May - 15 May 2016,Singles,Grade 2,Entry: DA,Clay,O,100177406,100189006
17.0,32,L,"MILADINOVIC, Marko",SRB,2-6 6-7(3),Ozerov Cup,"YULIK, Viacheslav",RUS,YULIK,Viacheslav,"Ryazan, Russia",09 May - 15 May 2016,Singles,Grade 2,Entry: DA,Clay,O,100224343,100189006
18.0,64,W,"KOPYLOV, Nikita",RUS,4-6 7-6(5) 7-6(8),Yeltsin Cup,"YULIK, Viacheslav",RUS,YULIK,Viacheslav,"Kazan, Russia",22 Feb - 28 Feb 2016,Singles,Grade 1,Entry: WC,Hard,I,100188588,100189006
18.0,32,L,"PETROV, Pavel",KAZ,6-7(3) 1-6,Yeltsin Cup,"YULIK, Viacheslav",RUS,YULIK,Viacheslav,"Kazan, Russia",22 Feb - 28 Feb 2016,Singles,Grade 1,Entry: WC,Hard,I,100233695,100189006
21.0,Q1,W,"ZACEK, Simon",SVK,7-5 6-3,Podgorica Open 2015,"YULIK, Viacheslav",RUS,YULIK,Viacheslav,"Podgorica, Montenegro",23 May - 24 May 2015,Singles,Grade 5,Entry: DA,Clay,O,100272229,100189006
21.0,Q2,L,"DRAGOVIC, Stefan",MNE,6-2 3-6 6-7(2),Podgorica Open 2015,"YULIK, Viacheslav",RUS,YULIK,Viacheslav,"Podgorica, Montenegro",23 May - 24 May 2015,Singles,Grade 5,Entry: DA,Clay,O,100214350,100189006
22.0,Q1,W,"RADOS, Vid",BIH,6-3 6-1,Montenegro Open 2015,"YULIK, Viacheslav",RUS,YULIK,Viacheslav,"Ulcinj, Montenegro",16 May - 17 May 2015,Singles,Grade 4,Entry: A,Clay,O,100184888,100189006
22.0,Q2,L,"PETROVIC, Stefan",SWE,5-7 5-7,Montenegro Open 2015,"YULIK, Viacheslav",RUS,YULIK,Viacheslav,"Ulcinj, Montenegro",16 May - 17 May 2015,Singles,Grade 4,Entry: A,Clay,O,100178623,100189006
23.0,Q1,W,"EVYAPAN, Levent",TUR,6-3 6-1,GD Tennis Cup,"YULIK, Viacheslav",RUS,YULIK,Viacheslav,"Antalya, Turkey",28 Mar - 29 Mar 2015,Singles,Grade 4,Entry: DA,Hard,O,100197179,100189006
23.0,Q2,L,"CEYLAN, Oguzhan",TUR,2-6 2-6,GD Tennis Cup,"YULIK, Viacheslav",RUS,YULIK,Viacheslav,"Antalya, Turkey",28 Mar - 29 Mar 2015,Singles,Grade 4,Entry: DA,Hard,O,100179037,100189006
24.0,Q1,W,"DANILOV, Evgeny",KAZ,7-6(4) 6-3,Capital Cup 2015				,"YULIK, Viacheslav",RUS,YULIK,Viacheslav,"Astana, Kazakhstan",31 Jan - 01 Feb 2015,Singles,Grade 4,Entry: DA,Hard,I,100229056,100189006
24.0,Q2,L,"GAZIZOV, Artur",RUS,RET,Capital Cup 2015				,"YULIK, Viacheslav",RUS,YULIK,Viacheslav,"Astana, Kazakhstan",31 Jan - 01 Feb 2015,Singles,Grade 4,Entry: DA,Hard,I,100178453,100189006
25.0,64,W,"AGIOUS, George",GRE,6-1 6-2,AS OPEN 2014,"YULIK, Viacheslav",RUS,YULIK,Viacheslav,"Skopje, Former Yugoslav Republic Of Macedonia",18 Aug - 24 Aug 2014,Singles,Grade 5,Entry: WC,Clay,O,100196884,100189006
25.0,32,L,"COZMA, Daniel",ROU,2-6 2-6,AS OPEN 2014,"YULIK, Viacheslav",RUS,YULIK,Viacheslav,"Skopje, Former Yugoslav Republic Of Macedonia",18 Aug - 24 Aug 2014,Singles,Grade 5,Entry: WC,Clay,O,100181648,100189006
26.0,Q1,W,"MELITAURI, Giorgi",GEO,6-3 6-2,ITF Pantiani 2014,"YULIK, Viacheslav",RUS,YULIK,Viacheslav,"Pantiani, Georgia",24 Jun - 29 Jun 2014,Singles,Grade 5,Entry: DA,Clay,O,100220063,100189006
26.0,Q2,W,"KIM, Alexandr",KAZ,7-6(1) 6-3,ITF Pantiani 2014,"YULIK, Viacheslav",RUS,YULIK,Viacheslav,"Pantiani, Georgia",24 Jun - 29 Jun 2014,Singles,Grade 5,Entry: DA,Clay,O,100168313,100189006
26.0,Q3,W,"ZHURBIN, Roman",RUS,1-6 6-3 6-3,ITF Pantiani 2014,"YULIK, Viacheslav",RUS,YULIK,Viacheslav,"Pantiani, Georgia",24 Jun - 29 Jun 2014,Singles,Grade 5,Entry: DA,Clay,O,100212627,100189006
26.0,32,L,"SOKE, Cagatay Sami",TUR,4-6 2-6,ITF Pantiani 2014,"YULIK, Viacheslav",RUS,YULIK,Viacheslav,"Pantiani, Georgia",24 Jun - 29 Jun 2014,Singles,Grade 5,Entry: DA,Clay,O,100178585,100189006
1.0,32,L,"DUJMOVIC, Grgo",CRO,1-6 2-6,Mostar Open 18&amp;U 2018,"MILICEVIC, Lazar",SRB,MILICEVIC,Lazar,"Mostar, Bosnia/Herzegovina",18 Sep - 23 Sep 2018,Singles,Grade 4,Entry: DA,Clay,O,100227144,100258781
2.0,32,W,"MAGGS, Alexander",GBR,6-3 6-2,20th Serbia Junior Open Novi Sad 2018,"MILICEVIC, Lazar",SRB,MILICEVIC,Lazar,"Novi Sad, Serbia",03 Sep - 07 Sep 2018,Singles,Grade 2,Entry: WC,Clay,O,100258095,100258781
2.0,16,L,"WESTSTRATE, Lodewijk",NED,2-6 7-5 2-6,20th Serbia Junior Open Novi Sad 2018,"MILICEVIC, Lazar",SRB,MILICEVIC,Lazar,"Novi Sad, Serbia",03 Sep - 07 Sep 2018,Singles,Grade 2,Entry: WC,Clay,O,100238092,100258781
3.0,Q1,W,"DASIC, Lav",SRB,6-0 6-0,ITF International 2018,"MILICEVIC, Lazar",SRB,MILICEVIC,Lazar,"Pancevo, Serbia",28 Aug - 01 Sep 2018,Singles,Grade 2,Entry: DA,Clay,O,100236684,100258781
3.0,Q2,W,"TODOROVIC, Uros",SRB,6-4 6-0,ITF International 2018,"MILICEVIC, Lazar",SRB,MILICEVIC,Lazar,"Pancevo, Serbia",28 Aug - 01 Sep 2018,Singles,Grade 2,Entry: DA,Clay,O,100237480,100258781
3.0,Q3,W,"DOBRNJAC, Vanja",SRB,6-3 6-1,ITF International 2018,"MILICEVIC, Lazar",SRB,MILICEVIC,Lazar,"Pancevo, Serbia",28 Aug - 01 Sep 2018,Singles,Grade 2,Entry: DA,Clay,O,100232584,100258781
3.0,32,W,"OZOLINS , Karlis",LAT,5-1 RET,ITF International 2018,"MILICEVIC, Lazar",SRB,MILICEVIC,Lazar,"Pancevo, Serbia",28 Aug - 01 Sep 2018,Singles,Grade 2,Entry: DA,Clay,O,100236393,100258781
3.0,16,L,"ZIVOTIC, Goran",SRB,6-3 6-7(5) 2-6,ITF International 2018,"MILICEVIC, Lazar",SRB,MILICEVIC,Lazar,"Pancevo, Serbia",28 Aug - 01 Sep 2018,Singles,Grade 2,Entry: DA,Clay,O,100231514,100258781
4.0,32,L,"GALIK, Matej",SVK,4-6 6-3 3-6,2nd City of Wels Junior Grand Prix 2018,"MILICEVIC, Lazar",SRB,MILICEVIC,Lazar,"Wels, Austria",10 Jul - 15 Jul 2018,Singles,Grade 4,Entry: DA,Clay,O,100259652,100258781
5.0,32,W,"JURAJDA, Adam",CZE,6-3 6-1,ITF Juniors Tennispark Open 2018,"MILICEVIC, Lazar",SRB,MILICEVIC,Lazar,"Skopje, Former Yugoslav Republic Of Macedonia",07 May - 13 May 2018,Singles,Grade 5,Entry: DA,Clay,O,100300651,100258781
5.0,16,W,"RADOSAVLJEVIC, Mihailo",SRB,7-6(4) 6-4,ITF Juniors Tennispark Open 2018,"MILICEVIC, Lazar",SRB,MILICEVIC,Lazar,"Skopje, Former Yugoslav Republic Of Macedonia",07 May - 13 May 2018,Singles,Grade 5,Entry: DA,Clay,O,100235608,100258781
5.0,QF,W,"ROSS, Matthis",GBR,7-6(6) 6-1,ITF Juniors Tennispark Open 2018,"MILICEVIC, Lazar",SRB,MILICEVIC,Lazar,"Skopje, Former Yugoslav Republic Of Macedonia",07 May - 13 May 2018,Singles,Grade 5,Entry: DA,Clay,O,100263341,100258781
5.0,SF,W,"ELAMIN, Ammar",IRL,6-3 6-2,ITF Juniors Tennispark Open 2018,"MILICEVIC, Lazar",SRB,MILICEVIC,Lazar,"Skopje, Former Yugoslav Republic Of Macedonia",07 May - 13 May 2018,Singles,Grade 5,Entry: DA,Clay,O,100276242,100258781
5.0,FR,L,"ZIVOTIC, Goran",SRB,3-6 1-6,ITF Juniors Tennispark Open 2018,"MILICEVIC, Lazar",SRB,MILICEVIC,Lazar,"Skopje, Former Yugoslav Republic Of Macedonia",07 May - 13 May 2018,Singles,Grade 5,Entry: DA,Clay,O,100231514,100258781
6.0,32,W,"ILIC, Jovan",CRO,7-5 6-4,Skopje Open 2018,"MILICEVIC, Lazar",SRB,MILICEVIC,Lazar,"Skopje, Former Yugoslav Republic Of Macedonia",30 Apr - 06 May 2018,Singles,Grade 5,Entry: DA,Clay,O,100261848,100258781
6.0,16,W,"KIJAC, Nikola",SRB,6-3 6-2,Skopje Open 2018,"MILICEVIC, Lazar",SRB,MILICEVIC,Lazar,"Skopje, Former Yugoslav Republic Of Macedonia",30 Apr - 06 May 2018,Singles,Grade 5,Entry: DA,Clay,O,100259107,100258781
6.0,QF,W,"NEDEV, Dian",BUL,6-1 6-1,Skopje Open 2018,"MILICEVIC, Lazar",SRB,MILICEVIC,Lazar,"Skopje, Former Yugoslav Republic Of Macedonia",30 Apr - 06 May 2018,Singles,Grade 5,Entry: DA,Clay,O,100234380,100258781
6.0,SF,W,"IVIC, Stefan",SRB,6-4 6-4,Skopje Open 2018,"MILICEVIC, Lazar",SRB,MILICEVIC,Lazar,"Skopje, Former Yugoslav Republic Of Macedonia",30 Apr - 06 May 2018,Singles,Grade 5,Entry: DA,Clay,O,100236312,100258781
6.0,FR,W,"KUBIK, Kristian",CZE,6-1 6-3,Skopje Open 2018,"MILICEVIC, Lazar",SRB,MILICEVIC,Lazar,"Skopje, Former Yugoslav Republic Of Macedonia",30 Apr - 06 May 2018,Singles,Grade 5,Entry: DA,Clay,O,100254341,100258781
7.0,32,L,"BUZONICS, Dominik",HUN,4-6 4-6,Serbia Junior Tour 2018 / Nis,"MILICEVIC, Lazar",SRB,MILICEVIC,Lazar,"Nis, Serbia",23 Apr - 28 Apr 2018,Singles,Grade 5,Entry: DA,Clay,O,100255989,100258781
8.0,Q1,L,"ORTENZI, Gian Marco",ITA,2-6 2-6,43rd City of Florence,"MILICEVIC, Lazar",SRB,MILICEVIC,Lazar,"Florence, Italy",26 Mar - 27 Mar 2018,Singles,Grade 2,Entry: A,Clay,O,100203174,100258781
9.0,Q2,W,"VOLAREVIC, Matija",CRO,6-3 7-5,34. Perin Memorial,"MILICEVIC, Lazar",SRB,MILICEVIC,Lazar,"Vrsar, Croatia",20 Mar - 25 Mar 2018,Singles,Grade 1,Entry: DA,Clay,O,100202201,100258781
9.0,Q3,W,"FIORENTINI, Andrea",ITA,6-3 6-1,34. Perin Memorial,"MILICEVIC, Lazar",SRB,MILICEVIC,Lazar,"Vrsar, Croatia",20 Mar - 25 Mar 2018,Singles,Grade 1,Entry: DA,Clay,O,100227330,100258781
9.0,64,L,"EMESZ, Benedikt",AUT,4-6 3-6,34. Perin Memorial,"MILICEVIC, Lazar",SRB,MILICEVIC,Lazar,"Vrsar, Croatia",20 Mar - 25 Mar 2018,Singles,Grade 1,Entry: DA,Clay,O,100228965,100258781
10.0,32,W,"CHUEV, Nikita",RUS,5-7 6-3 6-4,Central Osiguranje 2,"MILICEVIC, Lazar",SRB,MILICEVIC,Lazar,"Siroki Brijeg, Bosnia/Herzegovina",22 Jan - 27 Jan 2018,Singles,Grade 5,Entry: DA,Carpet,I,100222089,100258781
10.0,16,W,"PULJIC , Luka",BIH,6-4 6-2,Central Osiguranje 2,"MILICEVIC, Lazar",SRB,MILICEVIC,Lazar,"Siroki Brijeg, Bosnia/Herzegovina",22 Jan - 27 Jan 2018,Singles,Grade 5,Entry: DA,Carpet,I,100256030,100258781
10.0,QF,L,"FAUCON , Romain",BEL,4-6 6-4 5-7,Central Osiguranje 2,"MILICEVIC, Lazar",SRB,MILICEVIC,Lazar,"Siroki Brijeg, Bosnia/Herzegovina",22 Jan - 27 Jan 2018,Singles,Grade 5,Entry: DA,Carpet,I,100239866,100258781
11.0,32,L,"DEN HARTOG, Jesse",NED,6-7(2) 2-6,Central Osiguranje 1,"MILICEVIC, Lazar",SRB,MILICEVIC,Lazar,"Siroki Brijeg, Bosnia/Herzegovina",15 Jan - 20 Jan 2018,Singles,Grade 5,Entry: DA,Carpet,I,100262856,100258781
12.0,32,W,"SALLAY, Peter",HUN,6-3 6-3,Belgrade Open 2018,"MILICEVIC, Lazar",SRB,MILICEVIC,Lazar,"Belgrade, Serbia",08 Jan - 12 Jan 2018,Singles,Grade 4,Entry: DA,Clay,I,100256319,100258781
12.0,16,W,"SUBANOVIC, Nemanja",SRB,6-2 5-7 7-5,Belgrade Open 2018,"MILICEVIC, Lazar",SRB,MILICEVIC,Lazar,"Belgrade, Serbia",08 Jan - 12 Jan 2018,Singles,Grade 4,Entry: DA,Clay,I,100206295,100258781
12.0,QF,W,"JUHAS, Kristijan",SRB,6-1 1-6 6-4,Belgrade Open 2018,"MILICEVIC, Lazar",SRB,MILICEVIC,Lazar,"Belgrade, Serbia",08 Jan - 12 Jan 2018,Singles,Grade 4,Entry: DA,Clay,I,100234384,100258781
12.0,SF,L,"JOVIC, Viktor",SRB,1-6 4-6,Belgrade Open 2018,"MILICEVIC, Lazar",SRB,MILICEVIC,Lazar,"Belgrade, Serbia",08 Jan - 12 Jan 2018,Singles,Grade 4,Entry: DA,Clay,I,100249992,100258781
13.0,Q2,W,"SLAPNIK TROST, Dan",SLO,3-6 6-0 6-1,Bar Open 2017,"MILICEVIC, Lazar",SRB,MILICEVIC,Lazar,"Bar, Montenegro",02 Oct - 06 Oct 2017,Singles,Grade 5,Entry: DA,Clay,I,100232347,100258781
13.0,Q3,W,"RADOSAVLJEVIC, Mihailo",SRB,6-4 6-2,Bar Open 2017,"MILICEVIC, Lazar",SRB,MILICEVIC,Lazar,"Bar, Montenegro",02 Oct - 06 Oct 2017,Singles,Grade 5,Entry: DA,Clay,I,100235608,100258781
13.0,32,W,"MARKOVSKI, Obrad",MKD,6-3 7-5,Bar Open 2017,"MILICEVIC, Lazar",SRB,MILICEVIC,Lazar,"Bar, Montenegro",02 Oct - 06 Oct 2017,Singles,Grade 5,Entry: DA,Clay,I,100206307,100258781
13.0,16,W,"HORNUNG, Ivan Noel",HUN,6-1 6-4,Bar Open 2017,"MILICEVIC, Lazar",SRB,MILICEVIC,Lazar,"Bar, Montenegro",02 Oct - 06 Oct 2017,Singles,Grade 5,Entry: DA,Clay,I,100255040,100258781
13.0,QF,W,"SUNTIC, Sabit",SRB,7-5 4-6 7-6(4),Bar Open 2017,"MILICEVIC, Lazar",SRB,MILICEVIC,Lazar,"Bar, Montenegro",02 Oct - 06 Oct 2017,Singles,Grade 5,Entry: DA,Clay,I,100205041,100258781
13.0,SF,L,"PLANINSEK, Filip Jeff",SLO,7-5 0-6 RET,Bar Open 2017,"MILICEVIC, Lazar",SRB,MILICEVIC,Lazar,"Bar, Montenegro",02 Oct - 06 Oct 2017,Singles,Grade 5,Entry: DA,Clay,I,100224262,100258781
14.0,Q1,W,"SIPRAKA, Karlo",CRO,6-0 6-0,16.Losinj Junior Cup,"MILICEVIC, Lazar",SRB,MILICEVIC,Lazar,"Veli Losinj, Croatia",26 Sep - 01 Oct 2017,Singles,Grade 4,Entry: DA,Clay,O,100235120,100258781
14.0,Q2,W,"JURKOVIC, Marin",CRO,6-4 7-5,16.Losinj Junior Cup,"MILICEVIC, Lazar",SRB,MILICEVIC,Lazar,"Veli Losinj, Croatia",26 Sep - 01 Oct 2017,Singles,Grade 4,Entry: DA,Clay,O,100212139,100258781
14.0,Q3,W,"ANDREJIC GOLJAR, Mark",SLO,6-2 6-2,16.Losinj Junior Cup,"MILICEVIC, Lazar",SRB,MILICEVIC,Lazar,"Veli Losinj, Croatia",26 Sep - 01 Oct 2017,Singles,Grade 4,Entry: DA,Clay,O,100251133,100258781
14.0,64,W,"MESARIC, Mark",SLO,6-1 6-0,16.Losinj Junior Cup,"MILICEVIC, Lazar",SRB,MILICEVIC,Lazar,"Veli Losinj, Croatia",26 Sep - 01 Oct 2017,Singles,Grade 4,Entry: DA,Clay,O,100182972,100258781
14.0,32,L,"BOVY, Arnaud",BEL,1-6 2-6,16.Losinj Junior Cup,"MILICEVIC, Lazar",SRB,MILICEVIC,Lazar,"Veli Losinj, Croatia",26 Sep - 01 Oct 2017,Singles,Grade 4,Entry: DA,Clay,O,100206746,100258781
15.0,Q1,O,"JOLDIC, Almir",BIH,W/O,Mostar Open 18&amp;U 2017,"MILICEVIC, Lazar",SRB,MILICEVIC,Lazar,"Mostar, Bosnia/Herzegovina",19 Sep - 24 Sep 2017,Singles,Grade 4,Entry: WC,Clay,O,100252023,100258781
15.0,Q2,W,"KRSTULOVIC , Tin",SLO,6-4 7-6(3),Mostar Open 18&amp;U 2017,"MILICEVIC, Lazar",SRB,MILICEVIC,Lazar,"Mostar, Bosnia/Herzegovina",19 Sep - 24 Sep 2017,Singles,Grade 4,Entry: WC,Clay,O,100209768,100258781
15.0,Q3,W,"PAULOVCAK, Samuel",SVK,0-6 6-2 6-1,Mostar Open 18&amp;U 2017,"MILICEVIC, Lazar",SRB,MILICEVIC,Lazar,"Mostar, Bosnia/Herzegovina",19 Sep - 24 Sep 2017,Singles,Grade 4,Entry: WC,Clay,O,100211897,100258781
15.0,32,W,"KROLO, Filip",GER,6-3 6-4,Mostar Open 18&amp;U 2017,"MILICEVIC, Lazar",SRB,MILICEVIC,Lazar,"Mostar, Bosnia/Herzegovina",19 Sep - 24 Sep 2017,Singles,Grade 4,Entry: WC,Clay,O,100233173,100258781
15.0,16,L,"DEVALD, Borna",CRO,3-6 5-7,Mostar Open 18&amp;U 2017,"MILICEVIC, Lazar",SRB,MILICEVIC,Lazar,"Mostar, Bosnia/Herzegovina",19 Sep - 24 Sep 2017,Singles,Grade 4,Entry: WC,Clay,O,100232531,100258781
16.0,Q1,W,"MCMANUS, Luca",GBR,6-0 6-1,2nd Mostar Open 18&amp;U 2017,"MILICEVIC, Lazar",SRB,MILICEVIC,Lazar,"Mostar, Bosnia/Herzegovina",10 Sep - 11 Sep 2017,Singles,Grade 5,Entry: WC,Clay,O,100280016,100258781
16.0,Q2,L,"SUBASIC, Kerim",BIH,5-7 5-7,2nd Mostar Open 18&amp;U 2017,"MILICEVIC, Lazar",SRB,MILICEVIC,Lazar,"Mostar, Bosnia/Herzegovina",10 Sep - 11 Sep 2017,Singles,Grade 5,Entry: WC,Clay,O,100175242,100258781
17.0,Q1,W,"USAI, Piercarlo",USA,6-0 6-2,22. Slovenian Junior Open 2017,"MILICEVIC, Lazar",SRB,MILICEVIC,Lazar,"Domzale, Slovenia",27 Aug - 28 Aug 2017,Singles,Grade 4,Entry: DA,Clay,O,100329586,100258781
17.0,Q2,W,"JAMES, Frederick",GBR,6-1 6-0,22. Slovenian Junior Open 2017,"MILICEVIC, Lazar",SRB,MILICEVIC,Lazar,"Domzale, Slovenia",27 Aug - 28 Aug 2017,Singles,Grade 4,Entry: DA,Clay,O,100256272,100258781
17.0,Q3,L,"GALIC , Marko",CRO,0-6 4-6,22. Slovenian Junior Open 2017,"MILICEVIC, Lazar",SRB,MILICEVIC,Lazar,"Domzale, Slovenia",27 Aug - 28 Aug 2017,Singles,Grade 4,Entry: DA,Clay,O,100255503,100258781
18.0,Q1,W,"BUCK , Benjamin",GER,6-2 6-1,AS Open 2017,"MILICEVIC, Lazar",SRB,MILICEVIC,Lazar,"Maribor, Slovenia",21 Aug - 26 Aug 2017,Singles,Grade 4,Entry: DA,Clay,O,100307131,100258781
18.0,Q2,W,"MOROLLI, Alberto",ITA,7-6(1) 6-4,AS Open 2017,"MILICEVIC, Lazar",SRB,MILICEVIC,Lazar,"Maribor, Slovenia",21 Aug - 26 Aug 2017,Singles,Grade 4,Entry: DA,Clay,O,100233913,100258781
18.0,Q3,W,"TEKAVEC, Tim",SLO,6-2 6-1,AS Open 2017,"MILICEVIC, Lazar",SRB,MILICEVIC,Lazar,"Maribor, Slovenia",21 Aug - 26 Aug 2017,Singles,Grade 4,Entry: DA,Clay,O,100205413,100258781
18.0,64,L,"PLANINSEK, Filip Jeff",SLO,4-6 2-6,AS Open 2017,"MILICEVIC, Lazar",SRB,MILICEVIC,Lazar,"Maribor, Slovenia",21 Aug - 26 Aug 2017,Singles,Grade 4,Entry: DA,Clay,O,100224262,100258781
19.0,Q1,W,"MESARIC, Mark",SLO,6-4 6-4,Triglav Open 2017,"MILICEVIC, Lazar",SRB,MILICEVIC,Lazar,"Kranj, Slovenia",13 Aug - 14 Aug 2017,Singles,Grade 4,Entry: DA,Clay,O,100182972,100258781
19.0,Q2,W,"DURIC, Andrej",BIH,6-0 6-3,Triglav Open 2017,"MILICEVIC, Lazar",SRB,MILICEVIC,Lazar,"Kranj, Slovenia",13 Aug - 14 Aug 2017,Singles,Grade 4,Entry: DA,Clay,O,100209665,100258781
19.0,Q3,L,"OVCHARENKO, Oleksandr",UKR,6-3 3-6 1-6,Triglav Open 2017,"MILICEVIC, Lazar",SRB,MILICEVIC,Lazar,"Kranj, Slovenia",13 Aug - 14 Aug 2017,Singles,Grade 4,Entry: DA,Clay,O,100228901,100258781
